date,rolling_gross_sharpe,rolling_net_sharpe
2019-01-02,,
2019-01-03,,
2019-01-04,,
2019-01-07,,
2019-01-08,,
2019-01-09,,
2019-01-10,,
2019-01-11,,
2019-01-14,,
2019-01-15,,
2019-01-16,,
2019-01-17,,
2019-01-18,,
2019-01-22,,
2019-01-23,,
2019-01-24,,
2019-01-25,,
2019-01-28,,
2019-01-29,,
2019-01-30,,
2019-01-31,,
2019-02-01,,
2019-02-04,,
2019-02-05,,
2019-02-06,,
2019-02-07,,
2019-02-08,,
2019-02-11,,
2019-02-12,,
2019-02-13,,
2019-02-14,,
2019-02-15,,
2019-02-19,,
2019-02-20,,
2019-02-21,,
2019-02-22,,
2019-02-25,,
2019-02-26,,
2019-02-27,,
2019-02-28,,
2019-03-01,,
2019-03-04,,
2019-03-05,,
2019-03-06,,
2019-03-07,,
2019-03-08,,
2019-03-11,,
2019-03-12,,
2019-03-13,,
2019-03-14,,
2019-03-15,,
2019-03-18,,
2019-03-19,,
2019-03-20,,
2019-03-21,,
2019-03-22,,
2019-03-25,,
2019-03-26,,
2019-03-27,,
2019-03-28,,
2019-03-29,,
2019-04-01,,
2019-04-02,,
2019-04-03,,
2019-04-04,,
2019-04-05,,
2019-04-08,,
2019-04-09,,
2019-04-10,,
2019-04-11,,
2019-04-12,,
2019-04-15,,
2019-04-16,,
2019-04-17,,
2019-04-18,,
2019-04-22,,
2019-04-23,,
2019-04-24,,
2019-04-25,,
2019-04-26,,
2019-04-29,,
2019-04-30,,
2019-05-01,,
2019-05-02,,
2019-05-03,,
2019-05-06,,
2019-05-07,,
2019-05-08,,
2019-05-09,,
2019-05-10,,
2019-05-13,,
2019-05-14,,
2019-05-15,,
2019-05-16,,
2019-05-17,,
2019-05-20,,
2019-05-21,,
2019-05-22,,
2019-05-23,,
2019-05-24,,
2019-05-28,,
2019-05-29,,
2019-05-30,,
2019-05-31,,
2019-06-03,,
2019-06-04,,
2019-06-05,,
2019-06-06,,
2019-06-07,,
2019-06-10,,
2019-06-11,,
2019-06-12,,
2019-06-13,,
2019-06-14,,
2019-06-17,,
2019-06-18,,
2019-06-19,,
2019-06-20,,
2019-06-21,,
2019-06-24,,
2019-06-25,,
2019-06-26,,
2019-06-27,,
2019-06-28,,
2019-07-01,,
2019-07-02,0.6373330226941598,-0.7274152521292055
2019-07-03,0.6147340540934751,-0.7544459162162954
2019-07-05,0.5499606095027572,-0.8280918718257054
2019-07-08,0.537643090458478,-0.8556085446467746
2019-07-09,0.720301371747027,-0.6677271601262339
2019-07-10,0.6592565243096745,-0.7316106346847929
2019-07-11,0.6344648026315107,-0.7722333183673982
2019-07-12,0.6990400578017413,-0.7153905267524608
2019-07-15,0.7054395571233796,-0.7136911266981629
2019-07-16,0.6677457787097321,-0.7547219256181743
2019-07-17,0.7370337476328792,-0.6852244292853326
2019-07-18,0.748071996420104,-0.6781439892864196
2019-07-19,0.6510076444043006,-0.7776844923671931
2019-07-22,0.7837597815975373,-0.6469359817624853
2019-07-23,0.7959689763294048,-0.6394298640286165
2019-07-24,0.8983844618115526,-0.536199317463554
2019-07-25,0.9139002224243814,-0.5254714540372659
2019-07-26,0.8809928370550101,-0.5614968322174891
2019-07-29,0.8743858929194174,-0.5744468054293435
2019-07-30,0.8645806329110786,-0.5833020823114641
2019-07-31,0.9428621530101159,-0.5054127763994146
2019-08-01,0.9047976510210197,-0.5513243000545976
2019-08-02,0.9800436412584966,-0.4838512342071496
2019-08-05,0.8894525321619701,-0.5786513022520033
2019-08-06,0.9120856199193869,-0.5604138321086489
2019-08-07,0.8098961525840773,-0.659498837612483
2019-08-08,0.6926581591735943,-0.7752263986825199
2019-08-09,0.6816815340471342,-0.7905065206933559
2019-08-12,0.7881643160880222,-0.6817401785751787
2019-08-13,0.7904847164693036,-0.6788282825260192
2019-08-14,0.6264865301194976,-0.8353069829653321
2019-08-15,0.7439235074103296,-0.7158617415426768
2019-08-16,0.7776325047566169,-0.6858066333418681
2019-08-19,0.8501831444941762,-0.6116888517259339
2019-08-20,0.884096976756844,-0.5804272505777547
2019-08-21,0.8838450465749726,-0.5803933045371609
2019-08-22,0.9389714902247742,-0.5248510259129425
2019-08-23,0.8822564944778202,-0.5836177390045488
2019-08-26,0.7927442601675573,-0.679399847134456
2019-08-27,0.8124717579253151,-0.6648785837434276
2019-08-28,0.7772328399969206,-0.7041113624239506
2019-08-29,0.8034669086399613,-0.6845945588331127
2019-08-30,0.8509915187167332,-0.6429688234438404
2019-09-03,0.8220817657627834,-0.6751401301713125
2019-09-04,0.8286342866589739,-0.673696376981878
2019-09-05,0.7604946374525424,-0.7391936840546232
2019-09-06,0.48520328652534017,-0.9900237373547104
2019-09-09,0.46210045826462304,-1.0173853032314073
2019-09-10,0.44102843972979255,-1.0435307949180412
2019-09-11,0.5768059942842096,-0.9039263397905448
2019-09-12,0.42092894508337664,-1.0474171160015908
2019-09-13,0.43689810623886904,-1.0342054670735634
2019-09-16,0.6259971128774353,-0.8251672739069899
2019-09-17,0.5927485284490007,-0.8606673333085711
2019-09-18,0.6899873330621552,-0.7584856690014059
2019-09-19,0.6759382920751198,-0.7736412201680671
2019-09-20,0.7090042330551573,-0.7461935078798672
2019-09-23,0.735961312105181,-0.7234179772136575
2019-09-24,0.8121839386264749,-0.6519389273737534
2019-09-25,0.7694980884054259,-0.7037952498180451
2019-09-26,0.800888480997887,-0.6750290127372915
2019-09-27,0.8605287496931346,-0.6174426454998426
2019-09-30,0.8604178933746436,-0.6215037910965979
2019-10-01,0.8600471206098922,-0.6246360433499373
2019-10-02,0.7509162857993872,-0.7288694847071366
2019-10-03,0.6820733485658055,-0.7992186442828163
2019-10-04,0.6881659008645803,-0.7971033079584946
2019-10-07,0.690253105511173,-0.7986898419399032
2019-10-08,0.7161213988839495,-0.7763167296904866
2019-10-09,0.6710625579455459,-0.8226373482623913
2019-10-10,0.8668182778481104,-0.6081128310387407
2019-10-11,0.8611422406963685,-0.6206917749911032
2019-10-14,0.7726131764811941,-0.7099409968624031
2019-10-15,0.7610278461022006,-0.7232824976308688
2019-10-16,0.7294346538378692,-0.7580157566427834
2019-10-17,0.7512715193126404,-0.7376945162334753
2019-10-18,0.718032694771271,-0.7720801471935468
2019-10-21,0.45202233662345603,-1.0031187604315854
2019-10-22,0.5300104134839889,-0.9264254482212506
2019-10-23,0.6920959026301173,-0.7527115184907673
2019-10-24,0.6313547745370404,-0.812864013169552
2019-10-25,0.642590575090475,-0.8032242161800573
2019-10-28,0.6391154459652773,-0.8071777916421341
2019-10-29,0.6611608969198248,-0.7848669239592588
2019-10-30,0.7210339559502157,-0.7267492537006959
2019-10-31,0.5113638105702852,-0.9173647628683793
2019-11-01,0.5856306802561877,-0.8455739115148523
2019-11-04,0.5873697359315478,-0.848766080980247
2019-11-05,0.6163604708598655,-0.8186569710257671
2019-11-06,0.5957300581523919,-0.840243455076366
2019-11-07,0.5624456666964475,-0.8734778901928778
2019-11-08,0.5751813599655906,-0.8625874429293692
2019-11-11,0.5961543224164058,-0.8445877943310803
2019-11-12,0.6356146244221127,-0.8052931570847753
2019-11-13,0.6335310528825365,-0.8096299353363117
2019-11-14,0.6587238672492937,-0.7852243517495738
2019-11-15,0.6160112639870042,-0.8300770368951003
2019-11-18,0.5060226492967753,-0.9395722351014466
2019-11-19,0.4958036278130342,-0.9562355732349795
2019-11-20,0.5864455160587208,-0.864395421671552
2019-11-21,0.6282995958633543,-0.8223754753465775
2019-11-22,0.5709271071379504,-0.8786401374037063
2019-11-25,0.6024024636152904,-0.8476699198642917
2019-11-26,0.5698030530007248,-0.8810375217418059
2019-11-27,0.5557371866401233,-0.8964165834371494
2019-11-29,0.5181478737638403,-0.9346583287180091
2019-12-02,0.4676018816647994,-0.9868035459650194
2019-12-03,0.46014362766429706,-0.9983610310352288
2019-12-04,0.44172930057607085,-1.0204945956966478
2019-12-05,0.46546525832068525,-0.9993011831973921
2019-12-06,0.48424609278013747,-0.980057833475597
2019-12-09,0.48533178851086267,-0.9824215488225269
2019-12-10,0.4907335034343495,-0.9779915239216574
2019-12-11,0.48552371906235153,-0.9836600443423983
2019-12-12,0.4978951530486352,-0.9752602345734874
2019-12-13,0.4817470325082904,-0.996976654285185
2019-12-16,0.4875112904431996,-0.9971309357481343
2019-12-17,0.48338884736694365,-1.0058937006469573
2019-12-18,0.5337619667735339,-0.9578241968780242
2019-12-19,0.5433038436159096,-0.956321570398247
2019-12-20,0.5497616139259143,-0.957049678227075
2019-12-23,0.5172697484977444,-0.9910914874236161
2019-12-24,0.5474956743165116,-0.9639097994587162
2019-12-26,0.5598574923004478,-0.9539017208990237
2019-12-27,0.574890882090782,-0.9407925680837566
2019-12-30,0.5768154228773098,-0.9434793699232544
2019-12-31,0.5881945445197119,-0.9373890217855275
2020-01-02,0.6089197357399689,-0.9217398269245821
2020-01-03,0.5449431558358306,-0.9872548442809662
2020-01-06,0.659727575970266,-0.8844420977913632
2020-01-07,0.6353298231975363,-0.9057279599608162
2020-01-08,0.5478804432323141,-0.9957936293692382
2020-01-09,0.5200635241176244,-1.0227829464249947
2020-01-10,0.48486254153177594,-1.0511306916239727
2020-01-13,0.6756551520853833,-0.8522152778919044
2020-01-14,0.5266374666044622,-1.0017723851662625
2020-01-15,0.9385063045486768,-0.680732872995116
2020-01-16,0.840381932395084,-0.7767715662101935
2020-01-17,0.6921523174032161,-0.9200572089021847
2020-01-21,0.6168541848899651,-0.9935895977423085
2020-01-22,0.6120710393150338,-0.9968079969566841
2020-01-23,0.6569928117436696,-0.952840898738296
2020-01-24,0.6521802276543791,-0.9543964181932327
2020-01-27,0.6396455337542157,-0.9700678557344969
2020-01-28,0.6128875338250254,-0.9975652594517862
2020-01-29,0.4521269091434966,-1.1531914375379617
2020-01-30,0.3718806571137854,-1.2382870017835137
2020-01-31,0.33652721103326894,-1.271357317095268
2020-02-03,0.3673348317670879,-1.2379732774280785
2020-02-04,0.41658801483262453,-1.1689051892759665
2020-02-05,0.36982059049724625,-1.2067837344298618
2020-02-06,0.24742380505826514,-1.3241244288759413
2020-02-07,0.25569538379970697,-1.3138437434582564
2020-02-10,0.3214797812798841,-1.2410340299075344
2020-02-11,0.23995876868269758,-1.3220098716859148
2020-02-12,0.3148315873922801,-1.2449013482532942
2020-02-13,0.1936353530941529,-1.376462224184337
2020-02-14,-0.07525005342556364,-1.6314080300862674
2020-02-18,-0.17524525350187403,-1.7269499864117823
2020-02-19,-0.0933561952547346,-1.6377758208379234
2020-02-20,0.040615520465537756,-1.4893199806538762
2020-02-21,0.1625649781842304,-1.3685538019187986
2020-02-24,0.22570384070033295,-1.3015483304360829
2020-02-25,0.20924558095372459,-1.3216647065339029
2020-02-26,0.25319788107645913,-1.2832143744315871
2020-02-27,0.15057160435578287,-1.3855676364099039
2020-02-28,0.12692388839535917,-1.4085564519483367
2020-03-02,0.08489550082233079,-1.4526261076242482
2020-03-03,0.05362929314680485,-1.4830233423736954
2020-03-04,0.08589485787201113,-1.447096315129067
2020-03-05,-0.07957795533871286,-1.5836391488583659
2020-03-06,-0.35862813105936386,-1.788337304968748
2020-03-09,-0.20098074166627217,-1.6096757914998499
2020-03-10,-0.3027441074540928,-1.7032045209814892
2020-03-11,-0.3830046550400121,-1.7814976378973981
2020-03-12,-0.37464679729792294,-1.771750339728778
2020-03-13,-0.28383529094350324,-1.6804923965799476
2020-03-16,-0.4156575636254744,-1.814794121484368
2020-03-17,-0.8916606433721602,-2.1670999832648103
2020-03-18,-0.6054686925807895,-1.8164179870579311
2020-03-19,-0.3630741968426215,-1.560904248455535
2020-03-20,-0.6369134313929671,-1.7696714829984421
2020-03-23,0.03526312284887785,-0.9004970497314155
2020-03-24,0.39296385027548597,-0.4824121113556273
2020-03-25,0.4588126973946326,-0.4166309350322519
2020-03-26,0.46478691381353593,-0.4100375717302642
2020-03-27,0.4324331188551648,-0.44014178192092096
2020-03-30,0.38968890482980484,-0.48712881250620943
2020-03-31,0.3511807589488611,-0.5260721592965213
2020-04-01,0.4389887266723757,-0.4374371361516349
2020-04-02,0.4532264731185385,-0.4251940994301614
2020-04-03,0.5691562711011334,-0.3068562321979538
2020-04-06,0.6071833504067065,-0.2694036295041903
2020-04-07,0.5127928554064959,-0.36301747514798227
2020-04-08,0.5099398014756865,-0.3666192026121814
2020-04-09,0.6245337416635887,-0.2526975951492844
2020-04-13,0.8006520729634768,-0.08403709550622876
2020-04-14,0.7156049359073933,-0.168084363827578
2020-04-15,0.7658604396989133,-0.12012783246722483
2020-04-16,1.0187191093270773,0.13164991460576886
2020-04-17,0.9082887728439081,0.02572774264868809
2020-04-20,0.8953465704941753,0.012186252012497631
2020-04-21,0.8680470774829726,-0.011733557676166642
2020-04-22,0.8550234500196265,-0.025948751739704835
2020-04-23,0.800033105008094,-0.08262948071163781
2020-04-24,0.8575686036707356,-0.024216723136577033
2020-04-27,0.9673453671085068,0.09070816489632218
2020-04-28,0.9520184581508377,0.07457729659291504
2020-04-29,0.9509475113230496,0.07224014953860845
2020-04-30,0.9436740169893882,0.06395851962925214
2020-05-01,0.9965900018161424,0.11616839427706305
2020-05-04,0.9613089124470522,0.08278080014591505
2020-05-05,0.9095100171643157,0.03256787486895337
2020-05-06,0.8590432415876501,-0.017224844454569666
2020-05-07,0.8963056792833434,0.022664045480381766
2020-05-08,0.8555405368202083,-0.015281517416045018
2020-05-11,0.8876404322374426,0.020208129001648086
2020-05-12,0.8756403813513847,0.010233788632279747
2020-05-13,0.8958019922690158,0.032665307847164836
2020-05-14,0.667816106178269,-0.17736721188151006
2020-05-15,0.9131822472492167,0.0979340543103314
2020-05-18,0.8693096581842826,0.057247877831815716
2020-05-19,0.9066395617747581,0.09303112098158649
2020-05-20,0.9398935221624328,0.12447722232957396
2020-05-21,0.9000308370675435,0.08074193316023344
2020-05-22,1.013878159909409,0.1974460640494709
2020-05-26,1.2353970331593251,0.4348401007177232
2020-05-27,1.2097020644571876,0.40386368437758335
2020-05-28,1.244990844692076,0.4415292431345313
2020-05-29,1.2325551090664384,0.43122925656387084
2020-06-01,1.171954755187605,0.3696608438383584
2020-06-02,1.0292648497817802,0.22899027831515023
2020-06-03,1.0583676168637863,0.258334378037755
2020-06-04,1.047767157535198,0.24931537573304802
2020-06-05,1.0256469532797512,0.22871648024006602
2020-06-08,1.1407001016340517,0.3502508733456971
2020-06-09,1.282409293682844,0.5080237755624407
2020-06-10,1.3468184676089647,0.5740856848441944
2020-06-11,1.341471134588876,0.5662804936909761
2020-06-12,1.3207405025137875,0.5438706110054006
2020-06-15,1.3061280635866408,0.527902032915555
2020-06-16,1.3061575858955679,0.527516873385458
2020-06-17,1.2709906117419498,0.49163386530866104
2020-06-18,1.2400125063453826,0.45744547582755174
2020-06-19,1.166640738691273,0.384586452821558
2020-06-22,1.1818522613865454,0.39788834276247287
2020-06-23,1.1459006644797558,0.3629841242679653
2020-06-24,1.1180219009039631,0.33527119786562243
2020-06-25,1.0639519650104547,0.2815542802037598
2020-06-26,1.0829134294636198,0.305134090465596
2020-06-29,1.058435855188313,0.284609305667382
2020-06-30,1.0160318791191432,0.24346326141629498
2020-07-01,0.9812029197530644,0.20764043778355792
2020-07-02,0.9807143067838949,0.2085203304887881
2020-07-06,0.9971470233944163,0.22768874441663975
2020-07-07,0.9779400029432014,0.21293653958285663
2020-07-08,0.8734018819433104,0.10985654267290736
2020-07-09,0.9411205679249833,0.17945672390361242
2020-07-10,0.9829512788954154,0.22690512051800968
2020-07-13,1.007367185130701,0.25405645812533934
2020-07-14,1.0153613564060842,0.2620219533746928
2020-07-15,1.0258751580162693,0.2728533650410834
2020-07-16,1.045268891708766,0.29234498544831006
2020-07-17,1.113408526290463,0.36237700146582724
2020-07-20,1.1118289576295448,0.3617175630354032
2020-07-21,1.0645524383730511,0.31585525540543347
2020-07-22,1.0160324640604104,0.26657110440964205
2020-07-23,0.8766418787051963,0.13064314524669227
2020-07-24,0.9403694294113966,0.19557793024152997
2020-07-27,0.9444631840932564,0.19961617338999701
2020-07-28,0.9015138635076835,0.15638176125912306
2020-07-29,0.8728397910519256,0.12585460076388832
2020-07-30,0.9228203461119749,0.17715811775383491
2020-07-31,0.9220611323535028,0.17746156270231686
2020-08-03,0.8436355879940372,0.1011746064508919
2020-08-04,0.8671948214820884,0.12600312183810164
2020-08-05,0.8447251542323742,0.10461358709056066
2020-08-06,0.922333599148221,0.18187810366231974
2020-08-07,1.0010268108024771,0.26024574151920804
2020-08-10,1.0544543145763812,0.3149224794044801
2020-08-11,0.9418850957727501,0.2033826840903303
2020-08-12,0.9459920999957384,0.206291913250501
2020-08-13,0.9864604148297312,0.24400886801482327
2020-08-14,0.9098773648652531,0.16630847717576203
2020-08-17,0.9599429695425667,0.2175065392380963
2020-08-18,0.9595039376933449,0.21565994857187368
2020-08-19,0.9564712149153133,0.21232837917565586
2020-08-20,0.9010012441455287,0.15624558266323216
2020-08-21,0.8645305702239278,0.1188695699661356
2020-08-24,0.8713535048658655,0.1253578120025711
2020-08-25,0.8366271790706427,0.09489258671704873
2020-08-26,0.8708274137405435,0.13098927561952933
2020-08-27,0.8977776924775861,0.1603019707045224
2020-08-28,0.8872802910571682,0.15077693059481564
2020-08-31,0.802616099037024,0.07026883110952072
2020-09-01,0.8292495612305929,0.09704863930434232
2020-09-02,0.9972567169844235,0.2770886254113531
2020-09-03,1.090885535655588,0.3716997164272718
2020-09-04,1.2236993419707578,0.5030138220326162
2020-09-08,1.2493892432714282,0.5287660444329274
2020-09-09,1.2046676572184514,0.48536512797723036
2020-09-10,1.1377391030762112,0.41802619152362674
2020-09-11,1.2055063719146373,0.48318020498524467
2020-09-14,1.2133011837937593,0.49142557599042197
2020-09-15,1.1673878734064083,0.4438685061477371
2020-09-16,1.168825740403783,0.44516456708083824
2020-09-17,1.1356383682719375,0.40859476013591495
2020-09-18,1.2588230720155744,0.5371836042930995
2020-09-21,1.253958123036272,0.5343608098069971
2020-09-22,1.213932271355205,0.4918510191429711
2020-09-23,1.2324703240944967,0.5112969853550782
2020-09-24,1.260772478649716,0.5423090202144917
2020-09-25,1.2875473035225626,0.5705372501821014
2020-09-28,1.244401298421375,0.528763415044594
2020-09-29,1.2526698907641505,0.5376553215811237
2020-09-30,1.1680379474334561,0.4565307054989366
2020-10-01,1.302060034821766,0.5917411348162958
2020-10-02,1.345018289313479,0.6342225191181604
2020-10-05,1.344188419202013,0.6351849313221807
2020-10-06,1.3528102775187891,0.6406851119813722
2020-10-07,1.391116508206006,0.6780257582681594
2020-10-08,1.430576165360168,0.7156414108674444
2020-10-09,1.337627137659753,0.6206011618615502
2020-10-12,1.3362658452398464,0.6220705460076174
2020-10-13,1.3860414929884872,0.6720846834178852
2020-10-14,1.3441606742016197,0.6321459916490689
2020-10-15,1.3203524830404574,0.6085030764257758
2020-10-16,1.3018263419636553,0.5894570616208875
2020-10-19,1.3001772679022767,0.5864233403843785
2020-10-20,1.4068330007892256,0.689041661499131
2020-10-21,1.3400268257921821,0.6234588190420184
2020-10-22,1.2615849353741695,0.5436984056402443
2020-10-23,1.3101469309017935,0.5904194003412728
2020-10-26,1.3375070542926943,0.6180026173803047
2020-10-27,1.2977993291324328,0.5787599252896428
2020-10-28,1.2553617958370666,0.53457772434611
2020-10-29,1.2210967747187997,0.5003322148575806
2020-10-30,1.325534122531168,0.6039943453810377
2020-11-02,1.292492658930408,0.57308489834638
2020-11-03,1.3422881544614245,0.623552627559851
2020-11-04,1.2902297297345289,0.5710967005372083
2020-11-05,1.2927526765091288,0.5723651016680664
2020-11-06,1.5033930331905991,0.7990987092526834
2020-11-09,1.5326270390687153,0.8285932744616556
2020-11-10,1.6335110909464596,0.9308896346582529
2020-11-11,1.6229460800925901,0.9180225134095866
2020-11-12,1.5820570040734827,0.8788198538238953
2020-11-13,1.5142675859879444,0.8126191524127108
2020-11-16,1.523802660125775,0.8244262458938114
2020-11-17,1.53729936276206,0.8403366843842002
2020-11-18,1.5358349489008027,0.8410751616533166
2020-11-19,1.4995359091483855,0.805518988056547
2020-11-20,1.3676691728380823,0.6783903672369963
2020-11-23,1.2488396821671128,0.566327238419183
2020-11-24,1.265267272376474,0.5825919887418295
2020-11-25,1.3067438800032642,0.6225958133955101
2020-11-27,1.4708879720811345,0.7958216095463326
2020-11-30,1.4855033804250222,0.8103977456627394
2020-12-01,1.4172247229602912,0.743599310919305
2020-12-02,1.4546912121852604,0.7814306896099411
2020-12-03,1.4312826126732707,0.7590749658764867
2020-12-04,1.4272619237920496,0.7530420250918679
2020-12-07,1.3983353761535997,0.7213757923099836
2020-12-08,1.3252863475067198,0.6495123748817748
2020-12-09,1.3158451393544637,0.6381614645591
2020-12-10,1.368123596386724,0.6890971678207747
2020-12-11,1.3947095518406605,0.7175645344029101
2020-12-14,1.3170584299050139,0.6433123642380218
2020-12-15,1.3075950197482462,0.6343203949326308
2020-12-16,1.3544835578449632,0.6819017305846594
2020-12-17,1.315254297946092,0.6407684670158887
2020-12-18,1.3008137802558148,0.6281399590971346
2020-12-21,1.26996246521048,0.5988565384498878
2020-12-22,1.2793136088420614,0.6069675249557187
2020-12-23,1.270518418307276,0.5977179968244593
2020-12-24,1.2849389266145679,0.6122582551368014
2020-12-28,1.2994342401397938,0.6256690398988145
2020-12-29,1.3301819018774719,0.6576475075343001
2020-12-30,1.3060438741272928,0.6339421936190042
2020-12-31,1.3280341677545733,0.6545442416494532
2021-01-04,1.4089049646521938,0.7383136551287667
2021-01-05,1.3282131713534957,0.6598946764181017
2021-01-06,1.3104408846177813,0.640162970158786
2021-01-07,1.3769546667369665,0.7078765304476664
2021-01-08,1.2434905926764723,0.5818250359995647
2021-01-11,1.241101960451358,0.5779646831495098
2021-01-12,1.2113199798202292,0.5473167868588047
2021-01-13,1.1353732472385476,0.4736291128881356
2021-01-14,1.1863474495852784,0.5255848182312791
2021-01-15,1.2157605276155157,0.5533938633579005
2021-01-19,1.3835984867356632,0.7266401626401999
2021-01-20,1.4155133457164388,0.7563844791732233
2021-01-21,1.3981864386667202,0.7382292752330954
2021-01-22,1.3886263679437876,0.7285089563171396
2021-01-25,1.406909921063406,0.7459403959642401
2021-01-26,1.439810430579571,0.7802683520960878
2021-01-27,1.508203685939497,0.8497030910878172
2021-01-28,1.5218685041862652,0.8617696104994862
2021-01-29,1.519834934476404,0.8608980126850964
2021-02-01,1.6176194133332265,0.9601590168391273
2021-02-02,1.6121172871218792,0.9548909271576665
2021-02-03,1.513608562373073,0.855032876446325
2021-02-04,1.5380411687330742,0.8774217519542307
2021-02-05,1.5637786441524373,0.9036260097561668
2021-02-08,1.581060338774315,0.9197082192696509
2021-02-09,1.5487427639904316,0.8863358634629692
2021-02-10,1.5261268754080997,0.8635888983379043
2021-02-11,1.4995493592121683,0.8373823670270645
2021-02-12,1.423149019249195,0.7658962130859125
2021-02-16,1.5037751597367441,0.8442235091364372
2021-02-17,1.5359140020652746,0.8774161511534732
2021-02-18,1.4414438051773124,0.7843160480951644
2021-02-19,1.3461459389217942,0.688675395312446
2021-02-22,1.3117540772641971,0.6557887678136836
2021-02-23,1.1883698061045493,0.5343425578342756
2021-02-24,1.152580509374989,0.5015249995271802
2021-02-25,1.2407819109894052,0.5923034943916075
2021-02-26,1.246204395357697,0.5994322527717001
2021-03-01,1.216720601779955,0.5703876255991417
2021-03-02,1.057029425090605,0.41978339991490843
2021-03-03,0.9850870317053596,0.3491411106156143
2021-03-04,0.9846292484355486,0.3481998387082173
2021-03-05,0.9569963041470064,0.3246801415578805
2021-03-08,1.2471781089082288,0.6158472562745219
2021-03-09,1.131321720094441,0.49896751695828634
2021-03-10,1.2874114425462566,0.6582249169819683
2021-03-11,1.2929761667880992,0.664340811863401
2021-03-12,1.297018320715373,0.6691457728650518
2021-03-15,1.2922569225589338,0.6649248943759289
2021-03-16,1.282015329873654,0.6545284933910852
2021-03-17,1.5072627019639295,0.8668505511661236
2021-03-18,1.3265580622881148,0.6780843227115504
2021-03-19,1.2362585390847378,0.5854114095014781
2021-03-22,1.4474542305438762,0.7839636644881088
2021-03-23,1.1795535894288782,0.4505444842231351
2021-03-24,0.930212944367434,0.1628636334613669
2021-03-25,0.8537967425961424,0.08575362447236075
2021-03-26,0.8205484968130274,0.05019862619620349
2021-03-29,0.8797538702783066,0.10949069558829429
2021-03-30,0.8239425408679468,0.05571960658433143
2021-03-31,0.8812103385516138,0.11531435083111559
2021-04-01,0.7464619014908704,-0.017278930730092134
2021-04-05,0.7382306977336208,-0.024615512285496324
2021-04-06,0.6506563217784903,-0.11335664592161453
2021-04-07,0.6218300301050027,-0.14140024841335938
2021-04-08,0.6902421663624677,-0.0734803967574802
2021-04-09,0.6931108425442944,-0.07171713375250297
2021-04-12,0.6209920886233866,-0.14541762604022834
2021-04-13,0.6520237574716597,-0.11341922852952555
2021-04-14,0.6511026866876408,-0.1145688980331837
2021-04-15,0.6785629687767817,-0.0860314101253082
2021-04-16,0.5742237866428765,-0.19646263957181787
2021-04-19,0.5845760163983705,-0.1893033627985923
2021-04-20,0.5714208083459981,-0.20248487184853797
2021-04-21,0.604228624851579,-0.17168562891884365
2021-04-22,0.6833304361225735,-0.0918187234509803
2021-04-23,0.7365303404899994,-0.03648241983545884
2021-04-26,0.7086761011778216,-0.06651160637121382
2021-04-27,0.6370940267267016,-0.14612694171644325
2021-04-28,0.6412300867435857,-0.14320209654192595
2021-04-29,0.6564795596085272,-0.12738170442270688
2021-04-30,0.6468635583710906,-0.13786462708231
2021-05-03,0.6819194167659427,-0.1041241412327557
2021-05-04,0.7042183859487613,-0.08406280585946022
2021-05-05,0.7326119002392983,-0.057152070092680626
2021-05-06,0.761840320517192,-0.02879871687678678
2021-05-07,0.7272048811472047,-0.06283471253887844
2021-05-10,0.8182744502530557,0.030018667085801098
2021-05-11,0.8210146222761958,0.03288474255000639
2021-05-12,0.8521374077714882,0.06568409429146023
2021-05-13,0.7890900735487,0.0028368648435000243
2021-05-14,0.9821900482982596,0.18420477880912098
2021-05-17,0.7595004547128403,-0.06561636955363306
2021-05-18,0.8563464181076867,0.028349991297652505
2021-05-19,0.847491051603928,0.01931526868490951
2021-05-20,0.87330321717821,0.04238239034521711
2021-05-21,0.8671367674781832,0.03737555654227611
2021-05-24,0.7481054354158742,-0.08458454355580573
2021-05-25,0.5069305597826784,-0.34863125278561863
2021-05-26,0.4883594378572338,-0.3611494080276937
2021-05-27,0.4126948549761948,-0.43757714697860733
2021-05-28,0.2908636371445495,-0.5543207787932134
2021-06-01,0.3284709117116716,-0.5170467067648857
2021-06-02,0.4297900717154988,-0.41757471338595537
2021-06-03,0.47643489356347996,-0.37053191108016326
2021-06-04,0.5423753940799918,-0.3072804423322179
2021-06-07,0.5631988297970919,-0.28617402173206014
2021-06-08,0.47204359917397076,-0.38598310187776064
2021-06-09,0.33910606899638146,-0.5387368438971105
2021-06-10,0.2795929222358607,-0.5982922840353633
2021-06-11,0.30827175474041774,-0.5699238928588286
2021-06-14,0.2875164710451008,-0.5895451907854988
2021-06-15,0.277695121904575,-0.6000276783565328
2021-06-16,0.13840712920331324,-0.7320419044577287
2021-06-17,0.14796433809415005,-0.7203250518750376
2021-06-18,0.18069824242369778,-0.6850712036116687
2021-06-21,0.26549930925525933,-0.6011428870505768
2021-06-22,0.28878991403192406,-0.5751521436156929
2021-06-23,0.36359427867204963,-0.49990240204777264
2021-06-24,0.40103142384231905,-0.4628179799864725
2021-06-25,0.41074083304429154,-0.45241204982778216
2021-06-28,0.3298112624367017,-0.5327345705681524
2021-06-29,0.4069954057791986,-0.45399347738710766
2021-06-30,0.41434585844898925,-0.4472190146356938
2021-07-01,0.38447823604069187,-0.4768435785725642
2021-07-02,0.4058064909508248,-0.45864410430052654
2021-07-06,0.42896627794992365,-0.43766022852741554
2021-07-07,0.4468477252166026,-0.42497287349826574
2021-07-08,0.5317205015390091,-0.34306793758092957
2021-07-09,0.49789579155017266,-0.379089963993685
2021-07-12,0.4543019954962043,-0.424638834588867
2021-07-13,0.37753702340561257,-0.5026861004061257
2021-07-14,0.37520273723253095,-0.5047137587584366
2021-07-15,0.35440037210893094,-0.5252852014221858
2021-07-16,0.3051690489201387,-0.574562328284117
2021-07-19,0.2687623497055948,-0.6126577892146992
2021-07-20,0.40362301139704143,-0.4725896040676951
2021-07-21,0.3866940351127708,-0.4900730864928252
2021-07-22,0.4251471592030624,-0.4534147351798076
2021-07-23,0.5963637836342213,-0.2896809827686202
2021-07-26,0.5430367578023605,-0.34685109174626394
2021-07-27,0.5673082205534408,-0.321386049636839
2021-07-28,0.6270700162824091,-0.2591560003414431
2021-07-29,0.6357957904858373,-0.25030868397629014
2021-07-30,0.5042586394979408,-0.3855498378350407
2021-08-02,0.4921173447023351,-0.39581558411983303
2021-08-03,0.4887154418098189,-0.3998607739802462
2021-08-04,0.5516106022963787,-0.33723178728359265
2021-08-05,0.5890546200596803,-0.299684700628516
2021-08-06,0.49600135544127993,-0.39307334732340166
2021-08-09,0.3985628713929173,-0.4916421900809384
2021-08-10,0.3084100756458328,-0.5818997448001133
2021-08-11,0.3947720765821702,-0.49729143755428995
2021-08-12,0.4276321479241415,-0.46481957310415617
2021-08-13,0.456359497000547,-0.43262746522493145
2021-08-16,0.4292098363982281,-0.4583351468458566
2021-08-17,0.3280831580445242,-0.5608181568775931
2021-08-18,0.2879520863380116,-0.6015484861392126
2021-08-19,0.29105908644030903,-0.5997532424703934
2021-08-20,0.4274271318219433,-0.46568248480371366
2021-08-23,0.46588873645872303,-0.4250876747263635
2021-08-24,0.4540515181950151,-0.43613032398373003
2021-08-25,0.5136297597626673,-0.3781292026365589
2021-08-26,0.45226167195408884,-0.4402251926288697
2021-08-27,0.42659784376503296,-0.4672695431468551
2021-08-30,0.4303072783918022,-0.4623465618858024
2021-08-31,0.4998117281389438,-0.39710877321155197
2021-09-01,0.5067469907361856,-0.38983864600521545
2021-09-02,0.23135794602257495,-0.6879384203742422
2021-09-03,0.06224674582164585,-0.8604214074122926
2021-09-07,0.07712834894398922,-0.8413319127441351
2021-09-08,-0.01958219853956877,-0.9361139532920956
2021-09-09,0.029992309311016253,-0.8868489090262037
2021-09-10,0.09615772196043211,-0.8165505577416459
2021-09-13,0.027174431903501838,-0.8832535022541523
2021-09-14,0.014278734985332216,-0.8971606032948303
2021-09-15,-0.028086957084462696,-0.940842848069997
2021-09-16,-0.022589477411847882,-0.9359228860415068
2021-09-17,0.024440123363437705,-0.884936712056687
2021-09-20,-0.1833649497071654,-1.1102318287224289
2021-09-21,-0.2872179855534365,-1.2104302342346216
2021-09-22,-0.2432747296191913,-1.1631397964826244
2021-09-23,-0.34100507874995395,-1.261962908838348
2021-09-24,-0.4423125470625923,-1.3605767187838564
2021-09-27,-0.510148767471235,-1.4322814833562616
2021-09-28,-0.4755515787992691,-1.3985751429863293
2021-09-29,-0.4455374969047835,-1.3675094403459445
2021-09-30,-0.4046941635177224,-1.3308840426554167
2021-10-01,-0.6092422016331458,-1.541061894187755
2021-10-04,-0.5863375121887806,-1.513935697409032
2021-10-05,-0.5631054460276999,-1.4898890425542506
2021-10-06,-0.5528023688910558,-1.4739100635110851
2021-10-07,-0.6592193808965373,-1.5788587490107395
2021-10-08,-0.6775390384279781,-1.5962345562720182
2021-10-11,-0.6253288600157156,-1.541347319615317
2021-10-12,-0.6069903906656821,-1.5252358590725974
2021-10-13,-0.5699530643175986,-1.4893770862634004
2021-10-14,-0.4620684280505008,-1.3855726042698535
2021-10-15,-0.45766280024617345,-1.381884205043461
2021-10-18,-0.39686617028895776,-1.3226553914926942
2021-10-19,-0.3281552029455794,-1.2559578184544948
2021-10-20,-0.42063533210417586,-1.344356472946535
2021-10-21,-0.40658673099918236,-1.332587977896064
2021-10-22,-0.4572728430844654,-1.381076549059735
2021-10-25,-0.4766272377402888,-1.3996196450928482
2021-10-26,-0.4573142059651076,-1.3803029474255897
2021-10-27,-0.38048590513130276,-1.3060746886323078
2021-10-28,-0.35336086825993007,-1.2792999034345487
2021-10-29,-0.31302878315076094,-1.2393919710275814
2021-11-01,-0.3617509390209836,-1.2872731083525306
2021-11-02,-0.36748871332604777,-1.2925857123744278
2021-11-03,-0.592136107379473,-1.5064490748779154
2021-11-04,-0.3253346661524264,-1.2190225731286428
2021-11-05,-0.395030286823881,-1.2850006147195214
2021-11-08,-0.8001640556715313,-1.732160699615281
2021-11-09,-0.7542290359785657,-1.6822851980188378
2021-11-10,-1.0086515218254326,-1.9401898715424883
2021-11-11,-0.9833042837189551,-1.9151315482021976
2021-11-12,-0.9196436347123988,-1.8529842029624621
2021-11-15,-0.9163827371029913,-1.8514347604226737
2021-11-16,-0.9509176066403463,-1.8868503589223335
2021-11-17,-1.0271996747428538,-1.9577598561541407
2021-11-18,-1.07546345423462,-2.0053887161489645
2021-11-19,-1.0008813689589215,-1.9295530170227344
2021-11-22,-0.7842842664233062,-1.7196669222217662
2021-11-23,-0.6104189767324835,-1.5648190457223659
2021-11-24,-0.7290350050653382,-1.682703689318374
2021-11-26,-0.7785612790230633,-1.7327869193444834
2021-11-29,-1.127862089289016,-2.1126411493971173
2021-11-30,-1.1406329249375542,-2.1265324091226154
2021-12-01,-0.918160429677642,-1.9048245846555207
2021-12-02,-1.0240669691966526,-2.0109065373636272
2021-12-03,-0.9165684444612439,-1.9027649496582162
2021-12-06,-0.979568823546272,-1.963265379018227
2021-12-07,-0.9525819719524317,-1.9349587763721914
2021-12-08,-0.8742002607774252,-1.8619321638787876
2021-12-09,-0.8884052715180285,-1.8746031552027649
2021-12-10,-1.0001797798475618,-1.9876822844086792
2021-12-13,-0.9982007184445647,-1.9883487211219777
2021-12-14,-0.8699990497701076,-1.8647812273354827
2021-12-15,-0.8672314903961506,-1.8603519323919102
2021-12-16,-0.9653185220373519,-1.9569804041247272
2021-12-17,-0.9778546916361314,-1.9633876992197714
2021-12-20,-0.9282443043353686,-1.9130687651673992
2021-12-21,-0.9272240725007412,-1.912277220591879
2021-12-22,-0.9305482955313552,-1.9135196353798132
2021-12-23,-0.9664185399493883,-1.946583555585076
2021-12-27,-0.9880589313997481,-1.968422219937336
2021-12-28,-1.0040016761856159,-1.9824132282358677
2021-12-29,-1.0317406827131759,-2.0099916427204243
2021-12-30,-1.010205332392151,-1.987355591397822
2021-12-31,-1.0590932370863544,-2.034392079441567
2022-01-03,-1.0558930001058757,-2.029024297449765
2022-01-04,-0.9646552474192818,-1.9420659707507255
2022-01-05,-1.0509442278601646,-2.019880965780783
2022-01-06,-1.2103796708343981,-2.1753626923881364
2022-01-07,-0.9581461467834824,-1.9451090335887247
2022-01-10,-0.9366824706859418,-1.9212573854571846
2022-01-11,-0.948683710178105,-1.9332294446087006
2022-01-12,-0.923840520761985,-1.9103702588589206
2022-01-13,-1.0606982192172645,-2.0536261864770804
2022-01-14,-1.0825210959860434,-2.07385914430681
2022-01-18,-1.2938308527879443,-2.3110016174021624
2022-01-19,-1.3337229193544675,-2.3464926309602463
2022-01-20,-1.3220055773964674,-2.332772505119484
2022-01-21,-1.2695438492858013,-2.2822048448005825
2022-01-24,-1.3796102323110138,-2.3906131118229674
2022-01-25,-1.3882102584996305,-2.4016387410966735
2022-01-26,-1.4728422791627354,-2.4916738183606064
2022-01-27,-1.422731195233725,-2.4394065037302166
2022-01-28,-1.1281498516879642,-2.11713743570398
2022-01-31,-1.228682481725291,-2.228452738325949
2022-02-01,-1.2602870888760906,-2.2612493484185547
2022-02-02,-1.3586116888332713,-2.351374727182129
2022-02-03,-1.2446107067815202,-2.2318075537416093
2022-02-04,-1.2530585900903501,-2.242667918161194
2022-02-07,-1.2387821412173816,-2.22942585133716
2022-02-08,-1.1954269491164369,-2.1853130833721046
2022-02-09,-1.1961356160027077,-2.188526566277379
2022-02-10,-1.1531850500645822,-2.144887739881309
2022-02-11,-1.073243953621252,-2.075290215067198
2022-02-14,-1.1298404055317632,-2.1311173375103776
2022-02-15,-1.1647223835929363,-2.165818856448573
2022-02-16,-1.0673767409282098,-2.074398607738158
2022-02-17,-0.9590331426360402,-1.9661864301194616
2022-02-18,-0.969284288733467,-1.9790830227889777
2022-02-22,-0.8227712160344463,-1.8394420143402512
2022-02-23,-0.7208667866743492,-1.7420913886296163
2022-02-24,-0.8550783725627115,-1.8871893285528523
2022-02-25,-0.8851638780115982,-1.9158462242848684
2022-02-28,-0.921074077297017,-1.9518043708147395
2022-03-01,-0.6688143293174332,-1.729071298721274
2022-03-02,-0.6463962095553974,-1.7098717155648666
2022-03-03,-0.7949762481053781,-1.8449533738724875
2022-03-04,-0.7620340028333117,-1.8177543873169184
2022-03-07,-1.0509536938104442,-2.14149794079281
2022-03-08,-0.8497970391341966,-1.932632790101087
2022-03-09,-1.151212748864556,-2.2587143022692233
2022-03-10,-1.129738778534929,-2.238993534734758
2022-03-11,-1.1623446288303991,-2.273289490905119
2022-03-14,-1.1375376526881118,-2.2488733968406285
2022-03-15,-0.982043985787559,-2.0888327414342673
2022-03-16,-0.9494505178377115,-2.0589273095024905
2022-03-17,-0.8782115684571326,-1.9915306587023844
2022-03-18,-0.8276496154726479,-1.9407406256059565
2022-03-21,-0.7442448519774595,-1.856934880433856
2022-03-22,-0.8984036669611487,-2.0101448958380446
2022-03-23,-0.8938498477351712,-2.007202173977868
2022-03-24,-0.8838497560243462,-1.997317076264199
2022-03-25,-0.8585173373062664,-1.9688037188840855
2022-03-28,-0.8642045821469718,-1.9760237391618856
2022-03-29,-0.893633175944331,-2.0050015974445037
2022-03-30,-0.9649413717384514,-2.0791425248153974
2022-03-31,-0.8954494076783568,-2.0125981517293576
2022-04-01,-0.9233300746002574,-2.0382311045102615
2022-04-04,-0.9448975596621647,-2.0587736219489297
2022-04-05,-0.9874136154312995,-2.096517617101128
2022-04-06,-1.0382617865292036,-2.144675197312438
2022-04-07,-0.8771995576986781,-1.9715138259057645
2022-04-08,-0.7126944398791443,-1.7987767077297776
2022-04-11,-0.7841519837350179,-1.8743452368028841
2022-04-12,-0.7281529759617297,-1.8165119339435494
2022-04-13,-0.7391213868442638,-1.8286872303077744
2022-04-14,-0.6450034604720007,-1.7274756225405627
2022-04-18,-0.5604779191040931,-1.6405548358600033
2022-04-19,-0.5528522149996671,-1.6331665582489054
2022-04-20,-0.5281718610315962,-1.6059114983916316
2022-04-21,-0.590449980786242,-1.6697520380733415
2022-04-22,-0.6532431765532568,-1.7373061249801254
2022-04-25,-0.6340746437932171,-1.7174645089834348
2022-04-26,-0.7225471325290205,-1.8040941951035114
2022-04-27,-0.7957777422550496,-1.8777472488883613
2022-04-28,-0.7904833549692099,-1.8715568171692596
2022-04-29,-0.6787123894317738,-1.7489797635695885
2022-05-02,-0.6369297464077638,-1.7044004434652533
2022-05-03,-0.680473355143677,-1.744770995990673
2022-05-04,-0.705704895479968,-1.7682924276109455
2022-05-05,-0.6604092724593156,-1.7223672958794174
2022-05-06,-0.7088554181795566,-1.7690566241307375
2022-05-09,-0.7878590577077549,-1.8545818589166156
2022-05-10,-0.8093308546258559,-1.8758539265082212
2022-05-11,-0.810628286754995,-1.8778524188234718
2022-05-12,-0.7510179181986624,-1.8177758152296513
2022-05-13,-0.7859401217970794,-1.8541395206835474
2022-05-16,-0.9641812398275066,-2.0213289770550738
2022-05-17,-1.0212289342557974,-2.0822604395822966
2022-05-18,-1.0618950507681852,-2.121665646752393
2022-05-19,-1.0890588159351657,-2.1486001776945294
2022-05-20,-0.9523372645512387,-2.004691478969597
2022-05-23,-0.8699887793210661,-1.9191594114975665
2022-05-24,-0.8254367938476678,-1.8777349950206526
2022-05-25,-0.776939449830601,-1.8354921506191226
2022-05-26,-0.6607769198623914,-1.7160489179898444
2022-05-27,-0.5256798547470667,-1.5953078859571297
2022-05-31,-0.5211238081920033,-1.5888072434269018
2022-06-01,-0.40084200326002883,-1.4616815560775172
2022-06-02,-0.468070873862618,-1.5300709205138074
2022-06-03,-0.43356083828931113,-1.4933365140195807
2022-06-06,-0.4357676575981065,-1.4983360349550299
2022-06-07,-0.5195460521942918,-1.5815623490537891
2022-06-08,-0.7193664600558632,-1.7853570256971147
2022-06-09,-0.7022167835199598,-1.770011039537136
2022-06-10,-0.6409964371909168,-1.7013133708500885
2022-06-13,-0.5890612015249493,-1.6471998372712398
2022-06-14,-0.573063151044731,-1.6288359396045204
2022-06-15,-0.4154203538783932,-1.4864600886640615
2022-06-16,-0.34317749066480463,-1.4150100904724279
2022-06-17,-0.3938503307170597,-1.4638498314453186
2022-06-21,-0.46790350258528685,-1.5341665667697564
2022-06-22,-0.6425628796230378,-1.69937193289184
2022-06-23,-0.5968835233374967,-1.6517916819153078
2022-06-24,-0.6002797937140429,-1.6560844059544602
2022-06-27,-0.4080962560145702,-1.4564784444624637
2022-06-28,-0.5478511601059802,-1.5813320482267852
2022-06-29,-0.6005473583516024,-1.6398469412766385
2022-06-30,-0.5917014555217325,-1.6308490213462747
2022-07-01,-0.6507956170182766,-1.685549938460712
2022-07-05,-0.6984717959592172,-1.73107161171366
2022-07-06,-0.6523615849433042,-1.6791977512103486
2022-07-07,-0.673068393394661,-1.6938595203926432
2022-07-08,-0.7666049422454493,-1.7852460862019508
2022-07-11,-0.7698310487557442,-1.790394950599406
2022-07-12,-0.7921986618155666,-1.8133213037888363
2022-07-13,-0.9006321493257335,-1.91147000640516
2022-07-14,-0.7047910325654884,-1.699606130787728
2022-07-15,-0.601663985972247,-1.594303563819578
2022-07-18,-0.427595654119171,-1.4108766525285623
2022-07-19,-0.5123818555045215,-1.5007274307893261
2022-07-20,-0.6289143257872986,-1.6270745607140964
2022-07-21,-0.6688243362043647,-1.66661709856544
2022-07-22,-0.635440335584442,-1.6282564919859766
2022-07-25,-0.6069836733270407,-1.5915429797214535
2022-07-26,-0.5779721817042227,-1.5557879298437425
2022-07-27,-0.6103578649726255,-1.5913029796948386
2022-07-28,-0.7344329653444286,-1.7108281966213803
2022-07-29,-0.7020672203214097,-1.6792631193721872
2022-08-01,-0.6181472694641821,-1.5953933010615444
2022-08-02,-0.5576918021218262,-1.5355656451691362
2022-08-03,-0.4391349929401461,-1.4165821518880783
2022-08-04,-0.49311617856682316,-1.4701706012960303
2022-08-05,-0.5238944382298917,-1.5001553872993296
2022-08-08,-0.4997438876902205,-1.4761210365451882
2022-08-09,-0.475491157138795,-1.4505833865986117
2022-08-10,-0.4790296174858577,-1.4568152648461943
2022-08-11,-0.47231121481820454,-1.4499118743568677
2022-08-12,-0.4890694974405298,-1.4658715312874118
2022-08-15,-0.5323007441674759,-1.5105350377277416
2022-08-16,-0.43494488442554247,-1.4137758195626533
2022-08-17,-0.3305915744182249,-1.3099199471021714
2022-08-18,-0.26028052841376975,-1.2375454449507992
2022-08-19,-0.2970684291417194,-1.2714700836652053
2022-08-22,-0.39322772490024,-1.367016030086949
2022-08-23,-0.4206045749768311,-1.3964868290243007
2022-08-24,-0.39314236848976497,-1.3710152682297836
2022-08-25,-0.4022963322433324,-1.380940190970427
2022-08-26,-0.40025653286042545,-1.381086608125474
2022-08-29,-0.341018271394441,-1.3219728231368744
2022-08-30,-0.3120407271054556,-1.2942177766334524
2022-08-31,-0.25145267136995664,-1.2346256053022424
2022-09-01,-0.31851395651596043,-1.301580791406927
2022-09-02,-0.21843486930191322,-1.2079781941214052
2022-09-06,-0.11502196990976257,-1.10916819474799
2022-09-07,-0.18042531881532642,-1.1765490820401443
2022-09-08,-0.03189451373333301,-1.0292574750788588
2022-09-09,-0.014100670289552723,-1.012984990906845
2022-09-12,-0.12661442852412746,-1.1260994288288184
2022-09-13,-0.01802423139423731,-1.0215078653911127
2022-09-14,-0.12468897393976311,-1.1239482579915105
2022-09-15,-0.07353434562647107,-1.0740553488696494
2022-09-16,-0.08026384887417849,-1.0809131349768968
2022-09-19,-0.14763749612687338,-1.1500988320189633
2022-09-20,-0.1080203246639165,-1.1068251208262778
2022-09-21,0.03448583513819286,-0.9705923027429206
2022-09-22,0.06625280221950147,-0.9383842302390893
2022-09-23,0.07712665263331513,-0.9283117121759249
2022-09-26,0.12408299728533385,-0.8858327730833389
2022-09-27,0.16548956598549566,-0.8450928709285009
2022-09-28,0.21667178102931026,-0.7940171582776528
2022-09-29,0.2215510377687441,-0.790294808502203
2022-09-30,0.33038274207397805,-0.6842533045007557
2022-10-03,0.44131374152478553,-0.5750527836662299
2022-10-04,0.3373174573703439,-0.6802794014814595
2022-10-05,0.22110596346909558,-0.7966133097718688
2022-10-06,0.10641100942053036,-0.9088533693803429
2022-10-07,0.1898582552166465,-0.8258319003051784
2022-10-10,0.12871423772360044,-0.8865203384575846
2022-10-11,0.18016576458902447,-0.8330197093053433
2022-10-12,0.17116645304719708,-0.8429381542341764
2022-10-13,0.0914139932620944,-0.9206697733945274
2022-10-14,0.06464620733697997,-0.9450999683099937
2022-10-17,0.10825725718672807,-0.8995888638624753
2022-10-18,0.08013812512449399,-0.9229846027964002
2022-10-19,0.007074618527265784,-0.9930420928547787
2022-10-20,0.033518942032980455,-0.9689934067653627
2022-10-21,0.11882057077572235,-0.8804450960971126
2022-10-24,0.2521355544151725,-0.7448372129768654
2022-10-25,0.13423765319422598,-0.8547028799511764
2022-10-26,0.013294047029565098,-0.9776601631385721
2022-10-27,-0.0024256807436208515,-0.9922908394742224
2022-10-28,0.013659933397738577,-0.9735465808409691
2022-10-31,-0.034271171972395965,-1.020480092949023
2022-11-01,-0.05794894112143662,-1.0432644662491932
2022-11-02,-0.12260370053020152,-1.1051349824130206
2022-11-03,0.025062960028263154,-0.9731329568848409
2022-11-04,-0.21760000095330848,-1.2452430253637021
2022-11-07,-0.14015217653495582,-1.1717367701794894
2022-11-08,-0.02016306065096876,-1.0493452525675278
2022-11-09,-0.06568318191503994,-1.098126147004211
2022-11-10,0.060861994627274735,-0.9767727402783525
2022-11-11,0.054578635886693344,-0.980930941550236
2022-11-14,0.09621992050860993,-0.9385805701710765
2022-11-15,0.17019875498123316,-0.8653476120040634
2022-11-16,0.2590045075991794,-0.776710701711687
2022-11-17,0.42345332327153457,-0.6224952858471531
2022-11-18,0.4659654445845832,-0.5807681741944936
2022-11-21,0.37393218528028316,-0.6739059790289847
2022-11-22,0.311156264749421,-0.739630189720979
2022-11-23,0.3089413207278594,-0.737116721649065
2022-11-25,0.35324415972247875,-0.6958368712508998
2022-11-28,0.35084975578751026,-0.6993854376626213
2022-11-29,0.40262508312051826,-0.651889346184528
2022-11-30,0.3932423729023841,-0.659802588724099
2022-12-01,0.26760572580640407,-0.791690421967679
2022-12-02,0.28476675002851815,-0.7744014219123481
2022-12-05,0.1678381223688016,-0.892181360047926
2022-12-06,0.16278030020064851,-0.8959629437698345
2022-12-07,0.032874779535007746,-1.0158910442352485
2022-12-08,0.0853735705535,-0.9609118119902105
2022-12-09,0.14903737905268405,-0.8961089714227237
2022-12-12,0.13690215416587329,-0.9058101692773753
2022-12-13,-0.007942823759904028,-1.0473640961659223
2022-12-14,0.0010645301866028065,-1.0415399818417326
2022-12-15,0.07009180065201437,-0.9720666239165138
2022-12-16,0.11152486995275601,-0.9331654232130987
2022-12-19,0.19874930922554696,-0.8501709305719886
2022-12-20,0.18364525214123356,-0.8650242420410121
2022-12-21,0.23240432484608,-0.8160352397924564
2022-12-22,0.23388374650756172,-0.8127302742403986
2022-12-23,0.1645057985533843,-0.8810098280493581
2022-12-27,0.1628381632249566,-0.8862770282212167
2022-12-28,0.15350728493227564,-0.8944010578233773
2022-12-29,0.1213743183224973,-0.926848563079317
2022-12-30,0.1506354708564453,-0.8962221865042073
2023-01-03,0.10647234588073501,-0.9393953022694758
2023-01-04,0.0006746442320650584,-1.0504887164165058
2023-01-05,0.11779211888691006,-0.9293959555634237
2023-01-06,0.24868056640722855,-0.8043134170672737
2023-01-09,0.2704566183105882,-0.785375393857961
2023-01-10,0.28283320996727346,-0.7738922145713246
2023-01-11,0.28406263858178576,-0.7737199156383741
2023-01-12,0.21274130740725616,-0.8445873823088202
2023-01-13,0.4190026999723435,-0.646495927932992
2023-01-17,0.4286306751552329,-0.635772432369401
2023-01-18,0.44143902947705055,-0.6224765277755223
2023-01-19,0.38073235563080754,-0.6824583655346995
2023-01-20,0.4107462022503568,-0.6527227807934817
2023-01-23,0.5034518491667369,-0.5577550821962508
2023-01-24,0.5040360926939499,-0.5538190789517514
2023-01-25,0.576846988542585,-0.48299080295223323
2023-01-26,0.5212125302201704,-0.5355940906680886
2023-01-27,0.5170945048859837,-0.5376412621190868
2023-01-30,0.531658103442712,-0.5231627679531211
2023-01-31,0.3254031250514928,-0.7592423152760351
2023-02-01,0.18936067515866623,-0.8897868853492215
2023-02-02,0.13171006176842212,-0.9452756699730608
2023-02-03,0.2863671227920908,-0.80274127846685
2023-02-06,0.150792003833809,-0.9417319083344073
2023-02-07,0.1680129455564991,-0.9194371836727689
2023-02-08,0.18227189257290094,-0.9001324537641323
2023-02-09,0.16600922897165674,-0.912668669959637
2023-02-10,0.20170312492388545,-0.8756526257251313
2023-02-13,0.14826513551836795,-0.9317717299124829
2023-02-14,0.2640757132821869,-0.8134319827853367
2023-02-15,0.3216977332464079,-0.7572722984088603
2023-02-16,0.41132407603063076,-0.6700178827669913
2023-02-17,0.35153530356318596,-0.7278787032437505
2023-02-21,0.26528025570845415,-0.820850139886457
2023-02-22,0.12260540862052759,-0.9499857157376788
2023-02-23,0.07145059828896727,-1.0023197341704553
2023-02-24,0.05081873348307515,-1.0233205783812014
2023-02-27,0.08946706595202478,-0.9845400905975377
2023-02-28,0.157234740390286,-0.9244069417375775
2023-03-01,0.2781579446431563,-0.8070549847035108
2023-03-02,0.248530855421118,-0.8406030811045103
2023-03-03,0.4052440324305747,-0.6877855679048988
2023-03-06,0.5241892274429987,-0.5845374442853433
2023-03-07,0.7183573366917172,-0.4139647520488563
2023-03-08,0.6297229852435885,-0.5011927274628387
2023-03-09,0.5361726432490034,-0.6048678397711733
2023-03-10,0.5583889463327523,-0.5835927718389571
2023-03-13,0.5812784393425177,-0.5602090489256079
2023-03-14,0.5127623072158733,-0.6265399532205501
2023-03-15,0.3797118365255304,-0.7572234511271886
2023-03-16,0.1661710107667959,-0.9715652762179308
2023-03-17,0.20506842017181698,-0.9305025030202516
2023-03-20,0.2538643137229846,-0.8754266821119575
2023-03-21,0.15305386111349695,-0.972043976423296
2023-03-22,0.001427748008048127,-1.1196415224061254
2023-03-23,0.011325409272386842,-1.1073508045056462
2023-03-24,0.14325898660304587,-0.9560058113229648
2023-03-27,0.1966482255258478,-0.9021457766817579
2023-03-28,0.21581036255659156,-0.8848378470723351
2023-03-29,0.13140976549250746,-0.9717359814084965
2023-03-30,0.25058763043559334,-0.8580203895140927
2023-03-31,0.23654417298912403,-0.8724627696105777
2023-04-03,0.24770048855424107,-0.8635937999885019
2023-04-04,0.2715908361036491,-0.8386473431165766
2023-04-05,0.2492832427456763,-0.8609826087851977
2023-04-06,0.35271971184636036,-0.7581641775411797
2023-04-10,0.449924200397672,-0.6595844095612615
2023-04-11,0.30167191477162925,-0.8174232431088329
2023-04-12,0.23466757683165337,-0.8928030642513572
2023-04-13,0.1805621696410216,-0.9472038172929165
2023-04-14,0.2227264351380931,-0.9043484311838115
2023-04-17,0.24323074517440488,-0.8830318171036737
2023-04-18,0.07801480403842372,-1.0491303750076706
2023-04-19,0.03596706043605418,-1.0922569559575055
2023-04-20,-0.017031799619992873,-1.1462414101016514
2023-04-21,-0.051965519170191266,-1.188739121489439
2023-04-24,-0.038358016369838904,-1.1772867592590677
2023-04-25,-0.00596476557838027,-1.1414628973195273
2023-04-26,-0.0828700257251089,-1.2197635224989378
2023-04-27,0.07817019735540112,-1.0524984057955027
2023-04-28,0.06387276618028852,-1.0680635813980637
2023-05-01,-0.08187072195811435,-1.2118948961100149
2023-05-02,-0.2766389226943994,-1.41191939601996
2023-05-03,-0.4028916663984689,-1.5420491966087178
2023-05-04,-0.2767203084388058,-1.4121631867025153
2023-05-05,-0.28552202151261735,-1.4205190870223718
2023-05-08,-0.27860220205228475,-1.411323580343225
2023-05-09,-0.33868237150517694,-1.4661985446053813
2023-05-10,-0.3867646412084969,-1.5158203831923334
2023-05-11,-0.3366013515287225,-1.4719823773082046
2023-05-12,-0.2540533545275939,-1.3883589897977786
2023-05-15,-0.4650083223776715,-1.5881518901175558
2023-05-16,-0.3842909800024234,-1.503894445108857
2023-05-17,-0.41270143841285434,-1.523612834284163
2023-05-18,-0.3501009108168557,-1.459996746469346
2023-05-19,-0.3724345302726533,-1.4837558149102423
2023-05-22,-0.26512511575900094,-1.370890834045933
2023-05-23,-0.39058498185624313,-1.5028123777543743
2023-05-24,-0.6305761293121992,-1.735027281230747
2023-05-25,-0.7947283563876875,-1.880954073553201
2023-05-26,-0.8634079426047405,-1.943225381649951
2023-05-30,-0.9028159925009412,-1.9859486676169076
2023-05-31,-0.7692375017422945,-1.8438423073440304
2023-06-01,-0.8070145319283782,-1.8829093206155767
2023-06-02,-0.9499884326835762,-2.0366796521382597
2023-06-05,-0.8405566851147555,-1.9248359992550996
2023-06-06,-0.8406176826002383,-1.9220331037109846
2023-06-07,-0.9037573918848504,-1.9806978373225523
2023-06-08,-0.8432772327511662,-1.9183309861591848
2023-06-09,-0.849576539628306,-1.9236651545398855
2023-06-12,-0.9417020413926139,-2.014780166636951
2023-06-13,-1.0036164771725402,-2.0805030077598765
2023-06-14,-0.9798515726528111,-2.054518870846059
2023-06-15,-0.9688493918725566,-2.0472658321546673
2023-06-16,-0.8997411449165376,-1.9810538145747407
2023-06-20,-0.8765254227078826,-1.9616537710017135
2023-06-21,-0.8547338708063335,-1.9426785607858186
2023-06-22,-0.7639403231192223,-1.8621626959271493
2023-06-23,-0.5424043833786828,-1.6523996977926925
2023-06-26,-0.6728140564789676,-1.7875930933622601
2023-06-27,-0.6280828349215168,-1.740747672272196
2023-06-28,-0.7162158914393557,-1.8397834625963032
2023-06-29,-0.5773330167050197,-1.723746847314093
2023-06-30,-0.5534628053069285,-1.6999494384839189
2023-07-03,-0.5770471472235315,-1.7241016378466685
2023-07-05,-0.4955420463363749,-1.6515108311494047
2023-07-06,-0.4382227452457701,-1.5945061147232464
2023-07-07,-0.5587782423064465,-1.7230881055797374
2023-07-10,-0.5099502057992878,-1.68010736590302
2023-07-11,-0.3720184495345109,-1.541354896448947
2023-07-12,-0.34636087548947114,-1.5136418809936805
2023-07-13,-0.223411170429955,-1.38532434934072
2023-07-14,-0.029091762999136375,-1.2099147580627552
2023-07-17,-0.22790228737226761,-1.4400158165406785
2023-07-18,-0.33473392873627683,-1.5556148883747543
2023-07-19,-0.4555824532375705,-1.69445458766383
2023-07-20,-0.4593996429012653,-1.69579468786713
2023-07-21,-0.4727960809816455,-1.709825706449541
2023-07-24,-0.4492964833921898,-1.6894995545045197
2023-07-25,-0.5605936135743348,-1.7991619633588003
2023-07-26,-0.6155060477535789,-1.8630978995381802
2023-07-27,-0.62786116472462,-1.8793807411055017
2023-07-28,-0.5734438641814704,-1.821403224474972
2023-07-31,-0.3696112695949453,-1.6296366350545017
2023-08-01,-0.40090943440106697,-1.6568086747652186
2023-08-02,-0.3938413991499443,-1.6493256326913277
2023-08-03,-0.39140366134021004,-1.6451143731145126
2023-08-04,-0.53155664285099,-1.7870542070671376
2023-08-07,-0.6240632032815558,-1.881139213132946
2023-08-08,-0.5289741685962098,-1.7853214827140376
2023-08-09,-0.4962730589778023,-1.7549134698627864
2023-08-10,-0.4554157917970899,-1.7168408498962657
2023-08-11,-0.4223958251149262,-1.6835169980154108
2023-08-14,-0.4602746360429247,-1.724403734889274
2023-08-15,-0.49340911280296257,-1.7581973017953183
2023-08-16,-0.4749866682379945,-1.7384196457401753
2023-08-17,-0.5243128299137355,-1.7884289833031772
2023-08-18,-0.6802633603214925,-1.9495797728840663
2023-08-21,-0.834497107444818,-2.10722293428188
2023-08-22,-0.8492591740616764,-2.1259979269405536
2023-08-23,-0.7209595253446266,-1.9929766129691295
2023-08-24,-0.7654696458036576,-2.035050224780166
2023-08-25,-0.7364568860128832,-2.0007706003378884
2023-08-28,-0.704258901382397,-1.9693495109483472
2023-08-29,-0.7357262104463356,-1.9967765566647822
2023-08-30,-0.8964838495199459,-2.1552512051647037
2023-08-31,-0.8765686126121267,-2.130600297801521
2023-09-01,-0.9110223213043223,-2.1655437445409578
2023-09-05,-0.8793097219521163,-2.1349841996031316
2023-09-06,-0.9466914633229504,-2.1987879903423533
2023-09-07,-0.9940676378673649,-2.2442274190423492
2023-09-08,-0.9627742942175226,-2.216324392857271
2023-09-11,-0.8603371784341992,-2.097778032101466
2023-09-12,-0.8599564797785513,-2.0990353730629705
2023-09-13,-0.7304644570654638,-1.9778128481868422
2023-09-14,-0.7032226408922065,-1.9425623170183803
2023-09-15,-0.6048982100919494,-1.8538855659455862
2023-09-18,-0.6595620928007885,-1.9102769115338345
2023-09-19,-0.6283396013441852,-1.8776860695533728
2023-09-20,-0.6320926117690893,-1.8797721033797237
2023-09-21,-0.6002529113005252,-1.8454054892237874
2023-09-22,-0.6564074670699109,-1.904705083002295
2023-09-25,-0.7498032748284147,-1.9975727052304597
2023-09-26,-0.7537137445276102,-1.998601508187255
2023-09-27,-0.7047626472056012,-1.9536877900478231
2023-09-28,-0.6944866739327001,-1.943086448190425
2023-09-29,-0.8426426276402815,-2.0918672623730634
2023-10-02,-0.9485785742869645,-2.198704671696392
2023-10-03,-1.0012301457431547,-2.250059752616256
2023-10-04,-1.0494248168427565,-2.2977242015511106
2023-10-05,-0.9946251482497643,-2.243369060717915
2023-10-06,-0.8956885926056188,-2.1487529804620085
2023-10-09,-0.7337007391052326,-1.9904991681844475
2023-10-10,-0.8872833819795144,-2.1371982419119595
2023-10-11,-0.9231747444979786,-2.166643856242958
2023-10-12,-1.0358808281233365,-2.286545442009781
2023-10-13,-1.0169576687649367,-2.263093314676131
2023-10-16,-0.9763945192415141,-2.2250883623749824
2023-10-17,-1.1223577681313932,-2.365872592488009
2023-10-18,-0.9803468607758768,-2.2189602055041755
2023-10-19,-0.9307621116981506,-2.1678452402697905
2023-10-20,-0.8974712046025638,-2.1358622006472663
2023-10-23,-0.9274608430667404,-2.1609125613458278
2023-10-24,-1.0043685783437655,-2.2447334252699314
2023-10-25,-0.9359722260528403,-2.170638039114388
2023-10-26,-0.8700000515791134,-2.117757523828852
2023-10-27,-0.8169884479790903,-2.0676733700928214
2023-10-30,-0.9648105618152439,-2.2061552045115604
2023-10-31,-1.0121925594998191,-2.2534531104412294
2023-11-01,-0.8789518157308459,-2.112918876815295
2023-11-02,-0.8559626995266535,-2.093947911807283
2023-11-03,-0.735122408780306,-1.9818353582196102
2023-11-06,-0.6826546464845118,-1.9346036807570846
2023-11-07,-0.7034205526213496,-1.9599362481336506
2023-11-08,-0.7219918701920665,-1.9794156313236575
2023-11-09,-0.7331971712659678,-1.9954459558215285
2023-11-10,-0.8057326047909276,-2.075366923777087
2023-11-13,-0.8932219157893875,-2.1623181780176624
2023-11-14,-0.9244687002924009,-2.1920147654457875
2023-11-15,-0.995408198783415,-2.26880193937189
2023-11-16,-1.0551282392856056,-2.3292059330633323
2023-11-17,-1.1269124235458767,-2.4075005202820967
2023-11-20,-1.1630915128093342,-2.443633951498879
2023-11-21,-1.1423553943466123,-2.4232148426332367
2023-11-22,-1.133881657286709,-2.4169870868987053
2023-11-24,-1.1705846268439744,-2.456988342451056
2023-11-27,-1.1669795111590167,-2.4570738532715226
2023-11-28,-1.1901715165776545,-2.477918584413634
2023-11-29,-1.2204668179199882,-2.506817293204001
2023-11-30,-1.2670796757799163,-2.5487779160301205
2023-12-01,-1.1925903591565634,-2.4810769857807
2023-12-04,-1.114383041487399,-2.402077428739773
2023-12-05,-1.1008445819482247,-2.3883181660174664
2023-12-06,-0.9154326782542813,-2.1947885846718638
2023-12-07,-0.8239770182695477,-2.103468569795388
2023-12-08,-0.669641697783763,-1.9664259065587606
2023-12-11,-0.7752449531960562,-2.069836437929948
2023-12-12,-0.8793016715469917,-2.176200489348291
2023-12-13,-1.053461915506273,-2.3111986221378995
2023-12-14,-0.9756328623773266,-2.241483796654175
2023-12-15,-0.8274079671339829,-2.0780919738876555
2023-12-18,-0.9009353688177016,-2.153786510318239
2023-12-19,-0.9207523265469973,-2.1728405542091123
2023-12-20,-0.9625159654320218,-2.2133572521649456
2023-12-21,-0.977338907416005,-2.2259502323338376
2023-12-22,-1.021459186266126,-2.2670340351432143
2023-12-26,-1.0420406871677015,-2.291489060311182
2023-12-27,-0.8993091295124453,-2.1549783960141435
2023-12-28,-0.881787658404491,-2.1312080073893553
2023-12-29,-0.8872716255619777,-2.1395557443652384
2024-01-02,-0.9237804627017688,-2.183226265506179
2024-01-03,-1.0124506627235943,-2.2762629256126603
2024-01-04,-0.9784471229060571,-2.2429745313630587
2024-01-05,-0.9062513315934992,-2.164514399657046
2024-01-08,-0.9879583883524802,-2.2480295187576917
2024-01-09,-0.9464399516845339,-2.206019166662718
2024-01-10,-0.8426596900144495,-2.105840912260895
2024-01-11,-0.9121566763052628,-2.1748906228056546
2024-01-12,-0.9577761228037892,-2.2160950064387306
2024-01-16,-0.9298317003078399,-2.187978659373907
2024-01-17,-1.0020662353708651,-2.2657677708203985
2024-01-18,-0.9930167025386115,-2.2619232716199997
2024-01-19,-0.9302632720456858,-2.196524050823372
2024-01-22,-0.9055603527509611,-2.1711263251031796
2024-01-23,-0.9828084059709569,-2.2494092118436853
2024-01-24,-0.9367682497473835,-2.2011455411749727
2024-01-25,-0.9271618865453656,-2.193145127574919
2024-01-26,-0.9649148685675031,-2.231347444144043
2024-01-29,-0.8463655440939442,-2.113759508162315
2024-01-30,-0.7148558115602326,-1.9686658343078127
2024-01-31,-0.8130126846993736,-2.066657454985536
2024-02-01,-0.9717797008076865,-2.2220207162679637
2024-02-02,-0.9050788586813908,-2.161818175016552
2024-02-05,-0.7986729956623382,-2.055109177169671
2024-02-06,-0.869367145139153,-2.1230815309433737
2024-02-07,-0.8249994953025974,-2.0829660594389647
2024-02-08,-0.802977284396801,-2.0616244116529394
2024-02-09,-0.8335295994518807,-2.09349117242363
2024-02-12,-1.002324958562371,-2.253516796735855
2024-02-13,-1.0502213204276725,-2.3010288174663005
2024-02-14,-1.0470055018330735,-2.2958056432117715
2024-02-15,-1.2427316941966358,-2.4857664980563436
2024-02-16,-1.1984311383222548,-2.4448332852554335
2024-02-20,-1.2199030296741311,-2.4639668051244077
2024-02-21,-1.2316868078987808,-2.474158557705335
2024-02-22,-1.1722406840051707,-2.409610545808182
2024-02-23,-1.085419429329357,-2.335375930939031
2024-02-26,-1.0605600697716073,-2.307443924590268
2024-02-27,-1.0919866448967204,-2.338703634986283
2024-02-28,-1.1386022811666185,-2.3838756322471184
2024-02-29,-1.1209677543696699,-2.3644831946691642
2024-03-01,-1.20426571375068,-2.4458034583305404
2024-03-04,-1.2724784250326335,-2.5096936222322777
2024-03-05,-1.4047266770200475,-2.641475582861566
2024-03-06,-1.3716325279127954,-2.6095217940919047
2024-03-07,-1.2470882349690284,-2.469543438907616
2024-03-08,-1.1169208867082894,-2.343086371230635
2024-03-11,-1.1323090077179578,-2.358787394085821
2024-03-12,-1.093890716313202,-2.324667535779913
2024-03-13,-1.0001594556356022,-2.2278143239048993
2024-03-14,-1.0236817896068364,-2.253981195474302
2024-03-15,-1.0047220948020037,-2.2421668603310443
2024-03-18,-0.9081414634928452,-2.15234278448852
2024-03-19,-0.9172848244296261,-2.162851343209724
2024-03-20,-0.9771253578574498,-2.2268561642011147
2024-03-21,-0.9624698827206807,-2.214066216430735
2024-03-22,-0.8945441367630359,-2.1523525250590785
2024-03-25,-0.8062473101067008,-2.070353738256414
2024-03-26,-0.9830714249472773,-2.2683028822440554
2024-03-27,-0.9911037884730183,-2.2771255622536977
2024-03-28,-1.0300564313657055,-2.313701036536041
2024-04-01,-0.9861166758102948,-2.2668401763450805
2024-04-02,-1.0594883043232388,-2.3373234419348368
2024-04-03,-0.9908134157193621,-2.2694905602069606
2024-04-04,-1.0464970853323057,-2.323987957459788
2024-04-05,-1.0041306835271178,-2.2833552171462292
2024-04-08,-0.9933439059948997,-2.2747532826845043
2024-04-09,-1.0629773229238195,-2.3497666771118277
2024-04-10,-1.1846845151735237,-2.4754651733428665
2024-04-11,-1.15703377741075,-2.448590582564076
2024-04-12,-1.1839635400107005,-2.473237345017068
2024-04-15,-1.1750358322233,-2.464144074479527
2024-04-16,-1.1736268808741745,-2.462357136014712
2024-04-17,-1.1349093514667834,-2.4238818181431414
2024-04-18,-0.87116670643866,-2.14570226565345
2024-04-19,-0.8854331118802726,-2.1613954835151925
2024-04-22,-0.8637130050393923,-2.145271521602004
2024-04-23,-0.9330267721552506,-2.207130695439509
2024-04-24,-0.908481766955831,-2.179059752254181
2024-04-25,-1.021648287292098,-2.2910987463384984
2024-04-26,-0.9774316408118171,-2.245923139314554
2024-04-29,-1.0778697428308253,-2.3509603718781067
2024-04-30,-1.06258982678266,-2.33462613870142
2024-05-01,-0.965296502607042,-2.238177757724826
2024-05-02,-0.9439689884160428,-2.218210643030706
2024-05-03,-0.8834467450067018,-2.154723438280885
2024-05-06,-0.9843210610559499,-2.2648340397664044
2024-05-07,-0.939347561385177,-2.2227863531372862
2024-05-08,-1.0069276283716868,-2.294529257329894
2024-05-09,-0.8210439495311896,-2.1178692217227537
2024-05-10,-0.7552225760516992,-2.053361352357655
2024-05-13,-0.8155141220102714,-2.1090901271435962
2024-05-14,-0.8577969434704104,-2.1546816460764653
2024-05-15,-0.7450557904954289,-2.060984056505261
2024-05-16,-0.822959763330233,-2.1419903084285465
2024-05-17,-0.6424376411786175,-1.998692028595211
2024-05-20,-0.7632301184470135,-2.1117515480751328
2024-05-21,-0.7263814849463663,-2.0744837349510337
2024-05-22,-0.7519767547941175,-2.1039692049858574
2024-05-23,-0.8353544147267669,-2.180111681909588
2024-05-24,-0.6560295230847439,-2.0254809424194753
2024-05-28,-0.5005069373821973,-1.891748177135738
2024-05-29,-0.40102220043932024,-1.7915712096753358
2024-05-30,-0.39784203732219825,-1.7868432404141126
2024-05-31,-0.5171796152862349,-1.9157916609368226
2024-06-03,-0.49366914013966345,-1.894774063872885
2024-06-04,-0.5431777543987476,-1.9428201549649167
2024-06-05,-0.5224121963705223,-1.923420540171196
2024-06-06,-0.5937349291115589,-1.9981751370956016
2024-06-07,-0.6562965477551234,-2.0510802222359987
2024-06-10,-0.7573769507475262,-2.154319557864951
2024-06-11,-0.6420614332189282,-2.049353595531107
2024-06-12,-0.5735493371542151,-1.984187895492529
2024-06-13,-0.4269139540607481,-1.8202298599494444
2024-06-14,-0.48308838980600183,-1.8823094284347692
2024-06-17,-0.5268326208883289,-1.9255089986861262
2024-06-18,-0.395742589653027,-1.7707823729552727
2024-06-20,-0.3601252255651458,-1.7317561213289394
2024-06-21,-0.23860056683476494,-1.5993349542116042
2024-06-24,-0.2512376601009003,-1.609483477443827
2024-06-25,-0.3860628803120622,-1.7464057423629533
2024-06-26,-0.45999972045460524,-1.8162452379686052
2024-06-27,-0.5192152752820076,-1.8823850547010534
2024-06-28,-0.7002617063189699,-2.0670320285449613
2024-07-01,-0.6361409751904337,-2.0090818651558586
2024-07-02,-0.623087501609416,-1.9939673102422744
2024-07-03,-0.5632339775383582,-1.9350252585661374
2024-07-05,-0.45462052678039677,-1.82351461811068
2024-07-08,-0.4709394777130506,-1.8453149884172562
2024-07-09,-0.4508369545318991,-1.829928317481224
2024-07-10,-0.33527023643769577,-1.6973966144792334
2024-07-11,-0.3458971317916252,-1.7125946089541466
2024-07-12,-0.4859787234248338,-1.851639704497647
2024-07-15,-0.6550117295845659,-2.027885422926358
2024-07-16,-0.6651441804695338,-2.036278832390913
2024-07-17,-0.7520569845826728,-2.1207852594075796
2024-07-18,-0.6910760119827689,-2.051607448715459
2024-07-19,-0.7684690487087416,-2.133359330106405
2024-07-22,-0.6753849872773873,-2.036037136967642
2024-07-23,-0.700132395118143,-2.0549404534430393
2024-07-24,-0.753676887346848,-2.095459271557662
2024-07-25,-0.7131373729722036,-2.055064998490311
2024-07-26,-0.7293668434533132,-2.071742297218029
2024-07-29,-0.8554465799914587,-2.199559602132959
2024-07-30,-0.8926668421702731,-2.2360215802961494
2024-07-31,-0.9264461680961326,-2.273753454852432
2024-08-01,-0.7801014274661519,-2.122770858957225
2024-08-02,-0.8441360182544646,-2.1887320913811825
2024-08-05,-0.9066514560730732,-2.2562234333013826
2024-08-06,-0.7510011169412513,-2.1008661500572656
2024-08-07,-0.660348699029861,-2.0121667516621886
2024-08-08,-0.7112100218093416,-2.065577336419162
2024-08-09,-0.7177728619055519,-2.0740105108872093
2024-08-12,-0.7327762332101241,-2.0893586525360095
2024-08-13,-0.7061709548867952,-2.06087668042309
2024-08-14,-0.6206921391125605,-1.9706765978294085
2024-08-15,-0.5692913915049312,-1.9146750276486952
2024-08-16,-0.5453885435349491,-1.892048254483191
2024-08-19,-0.5177849626019214,-1.864850233256558
2024-08-20,-0.45951472598840726,-1.8075931567260408
2024-08-21,-0.4118643443936468,-1.7582435124771694
2024-08-22,-0.30146084219983715,-1.6406002562043254
2024-08-23,-0.37311518830724977,-1.7136420487643444
2024-08-26,-0.33869959729295035,-1.6833778422805985
2024-08-27,-0.36772636416263904,-1.7151512964430702
2024-08-28,-0.35143338840458155,-1.6984400523252832
2024-08-29,-0.35216625765194,-1.70111585753688
2024-08-30,-0.24386896374245223,-1.5974986079413467
2024-09-03,-0.35073108270158326,-1.705659838203112
2024-09-04,-0.3564949854486835,-1.709655175664711
2024-09-05,-0.345793183793781,-1.6996865689798686
2024-09-06,-0.36524535664561103,-1.7177130685812376
2024-09-09,-0.5065358644532865,-1.840496958981102
2024-09-10,-0.5753402127334304,-1.9088520051520985
2024-09-11,-0.7699779326120493,-2.1243119354060003
2024-09-12,-0.6348138297607916,-1.9704547915402946
2024-09-13,-0.6470610974482576,-1.9767110065663591
2024-09-16,-0.6227851912919761,-1.951550480203746
2024-09-17,-0.5419340880317507,-1.8684615291117943
2024-09-18,-0.4219621003067853,-1.7409546650344205
2024-09-19,-0.4590622349556279,-1.7797461406410149
2024-09-20,-0.46814353658045316,-1.7907270832401505
2024-09-23,-0.5474237663926395,-1.872172290674888
2024-09-24,-0.536987947461828,-1.860025707254502
2024-09-25,-0.40914364430880995,-1.7318202448748377
2024-09-26,-0.4831133891966991,-1.7995284287303097
2024-09-27,-0.4816602767661501,-1.7970844144461215
2024-09-30,-0.5861963441010563,-1.896389299310189
2024-10-01,-0.5729827766784016,-1.880554680499178
2024-10-02,-0.5878506052767063,-1.893994550488511
2024-10-03,-0.6866556857767274,-1.986219402760216
2024-10-04,-0.725545166461286,-2.028675230613354
2024-10-07,-0.6110318166059407,-1.9105427940999704
2024-10-08,-0.5674090448614982,-1.8670761303783256
2024-10-09,-0.573730788431495,-1.8754255490590481
2024-10-10,-0.5134342310982367,-1.8258349459942977
2024-10-11,-0.42916579432587987,-1.751770995954039
2024-10-14,-0.4338667218882143,-1.761188470247121
2024-10-15,-0.682239255935135,-1.9760171348187705
2024-10-16,-0.7495356675806172,-2.0417849475736154
2024-10-17,-0.5868489137706064,-1.8867195328754824
2024-10-18,-0.6242043369799176,-1.9231494206779045
2024-10-21,-0.6734600083122457,-1.9747132960713079
2024-10-22,-0.6748452409072987,-1.9726063170468469
2024-10-23,-0.5368660463028077,-1.8481643996724617
2024-10-24,-0.47047820145130004,-1.7790730621676933
2024-10-25,-0.6955303659009402,-2.0141036654435327
2024-10-28,-0.6185962594411701,-1.9430149000434742
2024-10-29,-0.7061634011988449,-2.023792407552568
2024-10-30,-0.5389263196865637,-1.8683773329013096
2024-10-31,-0.5208851914467421,-1.8539337874120865
2024-11-01,-0.6046355743599021,-1.943495926019937
2024-11-04,-0.5409768773225089,-1.878730480174168
2024-11-05,-0.7459693057250579,-2.059267763067658
2024-11-06,-0.7089416361383245,-2.013971239320602
2024-11-07,-0.6599299244409305,-1.9599563650648264
2024-11-08,-0.6123490440658094,-1.912566892923641
2024-11-11,-0.614689091330123,-1.916620257355924
2024-11-12,-0.6270029974351465,-1.9271680972009666
2024-11-13,-0.5706156903533456,-1.8729796695605054
2024-11-14,-0.7196767755137796,-2.0097883351588366
2024-11-15,-0.6926522040177543,-1.9827959736050074
2024-11-18,-0.5917889040995936,-1.8840686900027848
2024-11-19,-0.5270031321626314,-1.8167318885142907
2024-11-20,-0.519810545421318,-1.8110241853794653
2024-11-21,-0.5299992516601295,-1.8254792325317517
2024-11-22,-0.41864525477807807,-1.7081552497166954
2024-11-25,-0.45569075751301785,-1.744000919905392
2024-11-26,-0.453397828344511,-1.7421075447628112
2024-11-27,-0.35153139107051135,-1.6396309333994137
2024-11-29,-0.31770955967407655,-1.6039002929925126
2024-12-02,-0.26550037608923954,-1.554322100434214
2024-12-03,-0.33921175685368365,-1.619308591541977
2024-12-04,-0.392968388705422,-1.671238337280096
2024-12-05,-0.3919927676897965,-1.6705110355659623
2024-12-06,-0.47927288387330513,-1.7677300229190251
2024-12-09,-0.5868656817813016,-1.8721912528573759
2024-12-10,-0.697113594210429,-1.9764692370643804
2024-12-11,-0.612067487457431,-1.8973515361983866
2024-12-12,-0.7645568919018892,-2.0181525448730873
2024-12-13,-0.6247426491024121,-1.916226802452097
2024-12-16,-0.6096400108915098,-1.8964007318905352
2024-12-17,-0.6523098686590122,-1.9411833216199796
2024-12-18,-0.7091047016439387,-1.9939251518039687
2024-12-19,-0.6635048080721266,-1.9513181932802544
2024-12-20,-0.6040257159382731,-1.8867784130348473
2024-12-23,-0.6462658442340155,-1.9281878091101259
2024-12-24,-0.6172127507733814,-1.9008085061756148
2024-12-26,-0.5464810297751873,-1.8264997370180127
2024-12-27,-0.5618946834347137,-1.8405113130703228
2024-12-30,-0.5933945467738925,-1.8731037977672442
2024-12-31,-0.5872276769998453,-1.8649006155209515
2025-01-02,-0.5585991359613317,-1.8301686974863907
2025-01-03,-0.461799530535947,-1.7277612765428911
2025-01-06,-0.4958111629402707,-1.7620530859684915
2025-01-07,-0.4817484541016594,-1.7518582561741054
2025-01-08,-0.6047653811786636,-1.8746965429504676
2025-01-10,-0.7197348877355862,-1.9864508288555036
2025-01-13,-0.775122767673433,-2.0407132764630442
2025-01-14,-0.7762404281396361,-2.042960487656077
2025-01-15,-0.6676139650051917,-1.9400447258657425
2025-01-16,-0.731434694562555,-2.001471107094152
2025-01-17,-0.7191360146156995,-1.9901532904537549
2025-01-21,-0.4496205223099266,-1.681622464353956
2025-01-22,-0.5763033839804436,-1.8105343009342005
2025-01-23,-0.5308566296224123,-1.7686351519721315
2025-01-24,-0.49074652520925616,-1.7335884220444147
2025-01-27,-0.42878252829925334,-1.6638422958700536
2025-01-28,-0.49799743797773083,-1.7359445488351033
2025-01-29,-0.4824067666401985,-1.722325068693366
2025-01-30,-0.6129114101671614,-1.8553441475050134
2025-01-31,-0.8475895338200976,-2.0981422977932507
2025-02-03,-0.8279893261488716,-2.0768002840435646
2025-02-04,-0.7993429187158585,-2.0516859163573193
2025-02-05,-0.7358447180794415,-1.9893738215910115
2025-02-06,-0.8159499592905575,-2.0712102013549947
2025-02-07,-0.6802465177917658,-1.9366145393474832
2025-02-10,-0.6950776585528289,-1.9470899494287024
2025-02-11,-0.846710315574055,-2.0906780688143902
2025-02-12,-0.8932236522225104,-2.1363101902612835
2025-02-13,-0.7593558127750097,-2.0147931738086573
2025-02-14,-0.6234845751400948,-1.8749280321013515
2025-02-18,-0.5306938978610077,-1.7767936958796595
2025-02-19,-0.301156933333225,-1.5537876088873137
2025-02-20,-0.5082399691798999,-1.7439928795487567
2025-02-21,-0.5744698268218441,-1.8108714909229242
2025-02-24,-0.4512991443967246,-1.6887800856330366
2025-02-25,-0.4315286845147063,-1.6666517838450667
2025-02-26,-0.3321906337829359,-1.5686170849232688
2025-02-27,-0.35239156385806797,-1.5907698478254035
2025-02-28,-0.3742861705192165,-1.6097953037880282
2025-03-03,-0.2993908789688349,-1.5318219427055744
2025-03-04,-0.2691867221273342,-1.4979850257552552
2025-03-05,-0.2364171725886164,-1.466774126575121
2025-03-06,-0.14737006797845384,-1.378323128990998
2025-03-07,-0.17056499628098626,-1.3992659976772492
2025-03-10,-0.08007445186513716,-1.3094316513182578
2025-03-11,-0.14688088482875514,-1.3856724665278297
2025-03-12,-0.14515085339087846,-1.3849321089154405
2025-03-13,-0.18979325142849707,-1.4280675962701306
2025-03-14,-0.1897043475623211,-1.4224003598588417
2025-03-17,-0.28460851040340895,-1.5190975911664921
2025-03-18,-0.20862201621799825,-1.4434977750055111
2025-03-19,-0.2290018101511242,-1.4591129702696477
2025-03-20,-0.15139010676606393,-1.37491147912541
2025-03-21,-0.1517596597528879,-1.3725472001334498
2025-03-24,-0.22489022940482326,-1.4444965626959998
2025-03-25,-0.17219307104216286,-1.3948423413847386
2025-03-26,-0.1375750218840987,-1.3600372962311105
2025-03-27,-0.13531346146012804,-1.3597789185456706
2025-03-28,-0.1901588335313563,-1.414606026270219
2025-03-31,-0.22578195811501428,-1.4485813589599872
2025-04-01,-0.21404199719748224,-1.4396878950616339
2025-04-02,-0.14453612855092438,-1.372880383379351
2025-04-03,-0.23391062148079744,-1.4538645051081376
2025-04-04,-0.19458867263877913,-1.4155873628652396
2025-04-07,-0.22425085429063188,-1.442110467567208
2025-04-08,-0.3583537730065628,-1.5692848038775533
2025-04-09,-0.5667573440557898,-1.7453511249676075
2025-04-10,-0.5144770507618943,-1.689468785641248
2025-04-11,-0.43083858078061205,-1.604299151856452
2025-04-14,-0.4334224131053667,-1.6055228927821275
2025-04-15,-0.4119846541021768,-1.5851473950219634
2025-04-16,-0.08872045088488156,-1.2097196741571348
2025-04-17,-0.08752705614052747,-1.2088277614883742
2025-04-21,-0.15975134221241596,-1.2811711106637376
2025-04-22,-0.29446560647827746,-1.4336579500725433
2025-04-23,-0.21273534092744417,-1.3527147927983096
2025-04-24,-0.24211361267450862,-1.3770154597553437
2025-04-25,-0.21858340716417257,-1.358343161873471
2025-04-28,-0.27173886787037266,-1.4155253908854875
2025-04-29,-0.22146650659588496,-1.3711941369591858
2025-04-30,-0.1597318826128423,-1.3068669444834153
2025-05-01,-0.25089600395158823,-1.3942089700787066
2025-05-02,-0.25579390263905105,-1.401386754815586
2025-05-05,-0.21979487718930898,-1.36899595492834
2025-05-06,-0.17923170263620997,-1.3279089997305369
2025-05-07,-0.22762434983384847,-1.3771649041380385
2025-05-08,-0.21715734340696013,-1.3628434456659202
2025-05-09,-0.16192982917616275,-1.3034563132565968
2025-05-12,-0.191722737136513,-1.3278571474868675
2025-05-13,-0.24400484666119923,-1.3802534651730085
2025-05-14,-0.26140354077108796,-1.3943171068250104
2025-05-15,-0.210740165237841,-1.34199581408546
2025-05-16,-0.27190860909288295,-1.401197719428679
2025-05-19,-0.24060438586758004,-1.366608901530025
2025-05-20,-0.19459985385170864,-1.3180634218217817
2025-05-21,-0.14543053650908164,-1.267051574602463
2025-05-22,-0.05269140094851004,-1.1775137200992511
2025-05-23,-0.09215233936766444,-1.2163946414558378
2025-05-27,-0.1389399050883758,-1.2625077238399038
2025-05-28,-0.06488778651173363,-1.1968108823214036
2025-05-29,-0.09427273487853188,-1.2246606102347524
2025-05-30,-0.0921597441867567,-1.225196101388483
2025-06-02,-0.14114786223537898,-1.2765607588033887
2025-06-03,-0.2393039318881826,-1.3748242474867471
2025-06-04,-0.1991459314166258,-1.3379239289704257
2025-06-05,-0.1844367298876521,-1.3243981854846836
2025-06-06,-0.1445147119027613,-1.285163279370739
2025-06-09,-0.19697625674184777,-1.3360175288944809
2025-06-10,-0.23285438948300455,-1.3717565249851082
2025-06-11,-0.20413290714121735,-1.3466494187967322
2025-06-12,-0.26882732852860886,-1.4000082808850582
2025-06-13,-0.2291866677561777,-1.3616725925276478
2025-06-16,-0.21520835606511915,-1.3466281944143343
2025-06-17,-0.3302499455385812,-1.4710518725930837
2025-06-18,-0.23759566451195352,-1.3719879045895227
2025-06-20,-0.1559304149554385,-1.2842442010680024
2025-06-23,-0.20794687444026708,-1.3421834849449932
2025-06-24,-0.29384680569735583,-1.4275809767330394
2025-06-25,-0.43218707077125196,-1.5708596297490964
2025-06-26,-0.3503165409623413,-1.4841978491569954
2025-06-27,-0.29617417789008094,-1.429640479517783
2025-06-30,-0.172045188984221,-1.3077187085447068
2025-07-01,-0.19809808385514022,-1.3291067519910995
2025-07-02,-0.13030256018216105,-1.2608648241511238
2025-07-03,-0.1031042303522334,-1.2305010982150844
2025-07-07,-0.018832610836760546,-1.1351594233304814
2025-07-08,-0.07557286402323707,-1.1940791590384168
2025-07-09,-0.22760426274597031,-1.34781273653836
2025-07-10,-0.3030899028879853,-1.4180738884750883
2025-07-11,-0.2403166783182703,-1.3512326685658238
2025-07-14,-0.29818140650738933,-1.4158193184022383
2025-07-15,-0.5286185437186619,-1.6261477228638141
2025-07-16,-0.4883700159084222,-1.590426581450488
2025-07-17,-0.3923765327702635,-1.49631191729119
2025-07-18,-0.3311564471447261,-1.436564218885176
2025-07-21,-0.2585584646434242,-1.367439097863378
2025-07-22,-0.3680594326766872,-1.4806738093785894
2025-07-23,-0.48078030267622085,-1.5931596036307827
2025-07-24,-0.5730796216691927,-1.6880017368712898
2025-07-25,-0.5675946566524258,-1.6858124355075328
2025-07-28,-0.5715618112869015,-1.6909238527196344
2025-07-29,-0.6063017389620583,-1.7270175798051728
2025-07-30,-0.550843414598126,-1.6709992004272023
2025-07-31,-0.5056638873496738,-1.629522902370001
2025-08-01,-0.6262222602259319,-1.7463786244864226
2025-08-04,-0.6705964985892119,-1.793066100702824
2025-08-05,-0.6008154478639294,-1.7134687148520416
2025-08-06,-0.6760650182027169,-1.7849025496771185
2025-08-07,-0.647413007701712,-1.7586287352521852
2025-08-08,-0.7282858737106578,-1.8415182529421514
2025-08-11,-0.7272741900419423,-1.8385937161816641
2025-08-12,-0.6936213259987334,-1.8029469374297808
2025-08-13,-0.6243888409128933,-1.728030118600272
2025-08-14,-0.5667389367891945,-1.6667954595841599
2025-08-15,-0.5455735988184585,-1.6470973644085045
2025-08-18,-0.600010790903742,-1.7043437298900415
2025-08-19,-0.5655569587691178,-1.671236524349065
2025-08-20,-0.5494381247719856,-1.6568927221869514
2025-08-21,-0.6215901693794595,-1.7270624090114146
2025-08-22,-0.6023654314755202,-1.704349340028749
2025-08-25,-0.5402908854321709,-1.6427319457880227
2025-08-26,-0.6308411516307888,-1.7376855971850669
2025-08-27,-0.6272482773875855,-1.7369897370638328
2025-08-28,-0.6920500577749694,-1.7972795691484353
2025-08-29,-0.6765148477183615,-1.7810947614797488
2025-09-02,-0.6686155392103061,-1.773895566538564
2025-09-03,-0.6474137913811958,-1.7521962679264196
2025-09-04,-0.5125670601608152,-1.6078505602677209
2025-09-05,-0.44418863142504694,-1.5419579173077038
2025-09-08,-0.3914535909956651,-1.4923219747180878
2025-09-09,-0.3972183047020063,-1.498234666630257
2025-09-10,-0.2760645924085585,-1.3745144742123998
2025-09-11,-0.2133513084288049,-1.3241324904461738
2025-09-12,-0.29401403073815024,-1.3975941601946755
2025-09-15,-0.272761513487767,-1.376978154651558
2025-09-16,-0.23792669371873115,-1.3424911518813913
2025-09-17,-0.2963928942904228,-1.4033560264962608
2025-09-18,-0.37361838820948085,-1.4864901396966341
2025-09-19,-0.47725570756072855,-1.5898106207185478
2025-09-22,-0.6382873864192541,-1.7516812807656656
2025-09-23,-0.5561893213330205,-1.665299254847875
2025-09-24,-0.5639614909261831,-1.6721432897487867
2025-09-25,-0.533478284907734,-1.64297438444448
2025-09-26,-0.4744694466784133,-1.5839254989257543
2025-09-29,-0.48070436890637525,-1.5841386282690113
2025-09-30,-0.23756034586275174,-1.3349223898100624
2025-10-01,-0.25072979174455673,-1.3487182298817535
2025-10-02,-0.2773499701616276,-1.3764267987575027
2025-10-03,-0.23456647794805072,-1.3363477197502769
2025-10-06,-0.18258779759823182,-1.287569636941608
2025-10-07,-0.22065870939806329,-1.3231311884995731
2025-10-08,-0.12824834899222123,-1.229422271991434
2025-10-09,-0.1208559341901032,-1.2247444795123938
2025-10-10,-0.05857431147288468,-1.1604031572810418
2025-10-13,-0.004008857164003639,-1.1046629620862092
2025-10-14,-0.03477335847593247,-1.1317486451145784
2025-10-15,-0.07768724787053645,-1.1713028119654005
2025-10-16,-0.04062399788202782,-1.1316183375490643
2025-10-17,0.22530158599829347,-0.8851784941864361
2025-10-20,0.3564718489433654,-0.7533000625738507
2025-10-21,0.3932634375807863,-0.7117676197087446
2025-10-22,0.33431301530854984,-0.7749646566422914
2025-10-23,0.3137918483044019,-0.8007670432249628
2025-10-24,0.2869800841941502,-0.8255512057599892
2025-10-27,0.30343052813751287,-0.8074772862138876
2025-10-28,0.21699946195120495,-0.8923175877018079
2025-10-29,0.2142932753237891,-0.8970078252263308
2025-10-30,0.24206648682389184,-0.8642559779924252
2025-10-31,0.2964486033007393,-0.8107627933694036
2025-11-03,0.3357945801842848,-0.7698966266542698
2025-11-04,0.3469806279298892,-0.7576274060548497
2025-11-05,0.24277439033307022,-0.8608213898567706
2025-11-06,0.26674725807524663,-0.8389400487738713
2025-11-07,0.3562974227844619,-0.7602439372399742
2025-11-10,0.26913076770841504,-0.8476459180960673
2025-11-11,0.1838112308888338,-0.9322421290803798
2025-11-12,0.16297383364756646,-0.9542297914159648
2025-11-13,0.18102613095261905,-0.933466965175152
2025-11-14,0.15798132015238714,-0.9569808041466886
2025-11-17,0.029881912595872324,-1.0758719437455995
2025-11-18,0.1829524435608148,-0.9301400541363253
2025-11-19,0.20767752632693776,-0.9004370681817275
2025-11-20,0.18081826201114606,-0.9253312947396435
2025-11-21,0.07974674922708015,-1.0209721276254051
2025-11-24,0.05384178750725188,-1.046242003245673
2025-11-25,0.12595988017059437,-0.9681629002936519
2025-11-26,0.05643506869770743,-1.0414110565698091
2025-11-28,0.14627464243724567,-0.949977226856868
2025-12-01,0.18206534904678018,-0.9099320323556492
2025-12-02,0.1670845379632082,-0.9271388280147171
2025-12-03,0.238603994006144,-0.8558817559065347
2025-12-04,0.20306976808161212,-0.8906040701950395
2025-12-05,0.29664004736847227,-0.799669092698552
2025-12-08,0.2371161537211093,-0.8592470964523221
2025-12-09,0.2527689450765392,-0.8473234389323513
2025-12-10,0.20435406562422317,-0.8924869978144685
2025-12-11,0.35362202296497863,-0.743695397871167
2025-12-12,0.5331678531324833,-0.5611683623213888
2025-12-15,0.5371028944364731,-0.5544823530148715
2025-12-16,0.6733628720187239,-0.4388116114936377
2025-12-17,0.7757857762573518,-0.33757117814105086
2025-12-18,0.80205091804953,-0.3148923600158607
2025-12-19,0.6492786165791122,-0.4725739295369847
2025-12-22,0.6960434676647828,-0.4306585713696806
2025-12-23,0.6577264134134584,-0.46855891973159447
2025-12-24,0.6120777689908219,-0.5161555745011749
2025-12-26,0.6566301514379941,-0.47257072464909444
2025-12-29,0.671919555884321,-0.459349888073187
2025-12-30,0.6259820852143976,-0.5059191122077019
2025-12-31,0.70534660862436,-0.425805630729416
2026-01-02,0.5658058474199373,-0.557107911644813
2026-01-05,0.67543192459947,-0.44427842528109834
2026-01-06,0.7733410773100401,-0.3447112186209855
2026-01-07,0.7188092672194001,-0.4028533258123518
2026-01-08,0.7009094206996453,-0.419276810285085
2026-01-09,0.6927654707065697,-0.43097333370776386
2026-01-12,0.7720398036027596,-0.3537489934451733
2026-01-13,0.7394776489999783,-0.38578325497837407
2026-01-14,0.6555114470887763,-0.46266192337961515
2026-01-15,0.5911695950595186,-0.5252508258509233
2026-01-16,0.5612345224900915,-0.554759767131646
2026-01-20,0.5135456017214698,-0.5953479961083488
2026-01-21,0.44554115906064795,-0.6604779611135799
2026-01-22,0.191951933685899,-0.9361876679125264
2026-01-23,0.3267924566066524,-0.7981420375414119
2026-01-26,0.22494659162593003,-0.8964079376039578
2026-01-27,0.22949330997189105,-0.8877492123161862
2026-01-28,-0.036311694300103656,-1.1536994935062577
2026-01-29,0.09272283439960723,-1.0172158717756432
2026-01-30,0.043867201048625445,-1.0640389148454827
2026-02-02,-0.22934083208886283,-1.2814386524732122
2026-02-03,-0.14141678144980505,-1.1950705271882134
2026-02-04,-0.25122304714238525,-1.292376751447098
2026-02-05,-0.1704716543929538,-1.2120161189028553
2026-02-06,-0.17127703215445783,-1.210345397964877
2026-02-09,-0.19088773038526524,-1.2270154709886383
2026-02-10,-0.3656709619330355,-1.3933885026048982
2026-02-11,-0.3176365425649714,-1.3432751700316694
2026-02-12,-0.2042744949573384,-1.233232120594148
2026-02-13,-0.14947115039817221,-1.1768452769905011
2026-02-17,-0.06804143851727178,-1.090205704336276
2026-02-18,-0.16741418423228635,-1.1887841335474911
2026-02-19,-0.19231100586450148,-1.21551995959947
2026-02-20,-0.4756006708725721,-1.478320725456595
2026-02-23,-0.3574274938516236,-1.3675220821930854
2026-02-24,-0.1742765670750138,-1.1752521031530536
2026-02-25,-0.13848951224672354,-1.1382499298144315
2026-02-26,-0.21275065459250822,-1.2128753522585967
2026-02-27,-0.25765408200266976,-1.2587309625820504
2026-03-02,-0.21379958506734337,-1.2142317310335489
2026-03-03,-0.16723709648083238,-1.1668831025370907
2026-03-04,-0.3195269325148453,-1.3187929722634457
2026-03-05,-0.3903475910101249,-1.389901236313843
2026-03-06,-0.31686302899042884,-1.3135419211073003
2026-03-09,-0.16168461492586508,-1.1468416101581718
2026-03-10,-0.137578753647207,-1.1234898476781678
2026-03-11,-0.29493878131780166,-1.2753288284366049
2026-03-12,-0.25138983322727704,-1.2276684449236908
2026-03-13,-0.2748246670865401,-1.2476852910810163
2026-03-16,-0.2425473388125956,-1.2181558249274735
2026-03-17,-0.2428668259629006,-1.2199574611017876
2026-03-18,-0.2947493638543209,-1.270993489716569
2026-03-19,-0.3241053192345406,-1.300554323876103
2026-03-20,-0.27895406948144885,-1.254168303757248
2026-03-23,-0.3963115895255536,-1.3721880269536988
2026-03-24,-0.34711829044537384,-1.3231384171459903
2026-03-25,-0.3877428095810903,-1.3598541615777529
2026-03-26,-0.4471250765975918,-1.4153790796508836
2026-03-27,-0.4161354743521319,-1.3797207610064215
2026-03-30,-0.3355383069642216,-1.2911338262884013
2026-03-31,-0.1966873128686457,-1.1450438288080793
2026-04-01,-0.15959308242935089,-1.1073673408815057
2026-04-02,-0.19135363565028357,-1.1364100936243478
2026-04-06,-0.23748633793203466,-1.1831442458396566
2026-04-07,-0.21697979462290645,-1.1659241798549829
2026-04-08,-0.35860603997556373,-1.3037884620468116
2026-04-09,-0.30588234986884605,-1.2531315475514353
2026-04-10,0.05723177207513592,-0.8580166049120159
2026-04-13,0.20448826262107617,-0.7262388193513187
2026-04-14,0.21330134265539596,-0.7192609602203174
2026-04-15,0.1768293270177388,-0.7572973775237063
2026-04-16,0.2626395813000194,-0.6693997864361775
2026-04-17,0.24345811314317153,-0.6906411517433746
2026-04-20,-0.11909101042130385,-1.0781327356784545
2026-04-21,-0.253975032625089,-1.2098367193459223
2026-04-22,-0.276620350816751,-1.2308002585712265
2026-04-23,-0.4211702013593187,-1.36546301768078
2026-04-24,-0.435256089927827,-1.3775141091446195
2026-04-27,-0.4340880301896153,-1.3785770890046174
2026-04-28,-0.4821357502655572,-1.4230609240799559
2026-04-29,-0.5102721848243795,-1.4490720405243456
2026-04-30,-0.5727825871242842,-1.5106728490070354
2026-05-01,-0.5592985145028099,-1.4987507734273355
2026-05-04,-0.6086292139504417,-1.5458184563260728
2026-05-05,-0.6223116971142706,-1.5557849302561986
2026-05-06,-0.5798054446885941,-1.5095887928810077
2026-05-07,-0.7127842239833684,-1.6356998996151173
2026-05-08,-0.7600856564132199,-1.685106434674558
2026-05-11,-0.6435930161979644,-1.5639293945849488
2026-05-12,-0.8734757253970592,-1.7790444759600643
2026-05-13,-0.866733196383344,-1.7745329891149608
2026-05-14,-0.8754292964117439,-1.7828613257799628
2026-05-15,-0.7544271632551371,-1.6573862512113327
2026-05-18,-0.7430389173372672,-1.6468760674305465
2026-05-19,-0.7182798233681014,-1.6250923587205899
2026-05-20,-0.7082030685290938,-1.615634595758494
2026-05-21,-0.7224382143486056,-1.6312388689057467
2026-05-22,-0.7311659463124479,-1.6419352422858438
2026-05-26,-0.7123699896056139,-1.6223688003409054
2026-05-27,-0.707835011209546,-1.6175313522000148
2026-05-28,-0.7039418576006128,-1.6160984632133897
2026-05-29,-0.7763404095898904,-1.6857348331669935
2026-06-01,-0.6398151852637807,-1.544217081513967
2026-06-02,-0.30755810458220517,-1.1693575179763283
2026-06-03,-0.2573497930444196,-1.120822806985135
2026-06-04,-0.06139015703167225,-0.9149899843713523
2026-06-05,-0.12331317695702695,-0.9743646875140104
2026-06-08,-0.1720605701663191,-1.0222941870695201
2026-06-09,-0.1750390193927214,-1.024276769336155
2026-06-10,-0.16361172677517788,-1.0141259632944568
2026-06-11,-0.166661032795616,-1.017576964059075
2026-06-12,-0.012138075960786698,-0.8650257659604917
2026-06-15,-0.08338077981201945,-0.9298131267053547
2026-06-16,-0.23135367445664468,-1.071936609770878
2026-06-17,-0.2948273048099953,-1.1334609006768135
2026-06-18,-0.46459862062094376,-1.2936028279604979
2026-06-22,-0.5335233579847756,-1.3659003549107076
2026-06-23,-0.6374523943310025,-1.473220142187174
2026-06-24,-0.8305449123772107,-1.6627492038017984
2026-06-25,-0.6884779752597022,-1.511717919039355
2026-06-26,-0.6767578239084805,-1.5002851231232275
2026-06-29,-0.7024941926467154,-1.5312324934001778
2026-06-30,-0.659750238921664,-1.489424566653479
2026-07-01,-0.6797233570292232,-1.509546891717527
2026-07-02,-0.5986776523432392,-1.4278611270729609
2026-07-06,-0.5500214583726855,-1.3793304917191715
2026-07-07,-0.5259472366962603,-1.3540167414028053
2026-07-08,-0.6155474885288639,-1.4476825232754635
2026-07-09,-0.5693179799735835,-1.3974339414885923
2026-07-10,-0.5322270788644237,-1.358264419049093
2026-07-13,-0.44597013243359995,-1.2710527513076397
2026-07-14,-0.4814411735510516,-1.304984671288759
2026-07-15,-0.41523740621100874,-1.234828145367228
2026-07-16,-0.26174941176009114,-1.0869821078939732
2026-07-17,-0.25804078659186547,-1.0806292419119168
2026-07-20,-0.22696398567082182,-1.0481193352454543
2026-07-21,-0.2869923289970101,-1.1064550476539354
2026-07-22,-0.30088485470202453,-1.1196464717164183
2026-07-23,-0.20682441491956094,-1.0254289741257727
2026-07-24,0.046301085232587316,-0.7599387697668903
2026-07-27,0.11237948772352546,-0.694971026714229
2026-07-28,0.1568184323191497,-0.649249340180703
2026-07-29,0.1959987904203806,-0.6139845331887097
2026-07-30,0.279882818020589,-0.5307110840686131
2026-07-31,0.27093198201947855,-0.5395910190477194
2026-08-03,0.272595176713831,-0.5368494279018533
2026-08-04,0.36941754757550516,-0.4409899308426618
2026-08-05,0.3620685908744216,-0.4462260642630306
2026-08-06,0.27145969851402224,-0.5398970273665626
2026-08-07,0.3110297231330185,-0.5006039944909745
2026-08-10,0.3468955285641971,-0.4605370024495503
2026-08-11,0.35534322699512744,-0.4490835734508015
2026-08-12,0.3099939118729975,-0.49202589664567536
2026-08-13,0.2938613173366211,-0.5080458190337118
2026-08-14,0.2550443536028177,-0.5485725133201056
2026-08-17,0.20624569299824486,-0.5968949404956907
2026-08-18,0.1033485287576573,-0.6975746557213591
2026-08-19,0.10612737421982747,-0.6934463077600267
2026-08-20,0.02613817848221677,-0.772286129897602
2026-08-21,0.06435395804960177,-0.7322376548102506
2026-08-24,0.10690054973788375,-0.6890306012495662
2026-08-25,0.1311034224147793,-0.6641334286783335
2026-08-26,0.08246086582725502,-0.7120931040202295
2026-08-27,0.12204049473539956,-0.6707340430470901
2026-08-28,0.09688678205903009,-0.6950035442632417
2026-08-31,0.15202500928618162,-0.6401565661087796
2026-09-01,0.12435121164817935,-0.667513264550297
2026-09-02,0.032700427965932186,-0.7574546559111476
2026-09-03,0.09660825913906561,-0.6956979111988959
2026-09-04,-0.010533205226228144,-0.8083474819915081
2026-09-08,-0.07433228963504952,-0.8730911462076356
2026-09-09,-0.15640373979637429,-0.951449433360552
2026-09-10,-0.1785881103514707,-0.9717156060132565
2026-09-11,-0.23387774851313134,-1.0252642441023985
2026-09-14,-0.29090441945682044,-1.075488865279334
2026-09-15,-0.1701813766173261,-0.9548487695068696
2026-09-16,-0.19116417588195092,-0.9744741953702988
2026-09-17,-0.2677309039585341,-1.0546362174786983
2026-09-18,-0.24597626939045433,-1.0312010611755895
